{
	"credit": "Made with Blockbench by Howler",
	"parent": "block/block",
	"textures": {
		"1": "block/barrel_bottom",
		"2": "block/barrel_side",
		"3": "block/barrel_top",
		"particle": "block/barrel_bottom"
	},
	"elements": [
		{
			"name": "main",
			"from": [0, 0, 0],
			"to": [16, 15.5, 16],
			"faces": {
				"north": {"uv": [0.025, 0.525, 15.975, 15.975], "texture": "#2", "cullface": "north"},
				"east": {"uv": [0.025, 0.525, 15.975, 15.975], "texture": "#2", "cullface": "east"},
				"south": {"uv": [0.025, 0.525, 15.975, 15.975], "texture": "#2", "cullface": "south"},
				"west": {"uv": [0.025, 0.525, 15.975, 15.975], "texture": "#2", "cullface": "west"},
				"down": {"uv": [0.025, 0.025, 15.975, 15.975], "texture": "#1", "cullface": "down"}
			}
		},
		{
			"from": [0, 15.5, 0],
			"to": [16, 16, 1.5],
			"faces": {
				"north": {"uv": [0.025, 0.025, 15.975, 0.475], "texture": "#2", "cullface": "north"},
				"east": {"uv": [14.525, 0.025, 15.975, 0.475], "texture": "#2", "cullface": "east"},
				"west": {"uv": [0.025, 0.025, 1.475, 0.475], "texture": "#2", "cullface": "west"},
				"up": {"uv": [0.025, 0.025, 15.975, 1.475], "texture": "#3", "cullface": "up"}
			}
		},
		{
			"from": [0, 15.5, 14.5],
			"to": [16, 16, 16],
			"faces": {
				"east": {"uv": [0.025, 0.025, 1.475, 0.475], "texture": "#2", "cullface": "east"},
				"south": {"uv": [0.025, 0.025, 15.975, 0.475], "texture": "#2", "cullface": "south"},
				"west": {"uv": [14.525, 0.025, 15.975, 0.475], "texture": "#2", "cullface": "west"},
				"up": {"uv": [0.025, 14.525, 15.975, 15.975], "texture": "#3", "cullface": "up"}
			}
		},
		{
			"from": [0, 15.5, 1.5],
			"to": [1.5, 16, 14.5],
			"faces": {
				"west": {"uv": [1.525, 0.025, 14.475, 0.475], "texture": "#2", "cullface": "west"},
				"up": {"uv": [0.025, 1.525, 1.475, 14.475], "texture": "#3", "cullface": "up"}
			}
		},
		{
			"from": [14.5, 15.5, 1.5],
			"to": [16, 16, 14.5],
			"faces": {
				"east": {"uv": [1.525, 0.025, 14.475, 0.475], "texture": "#2", "cullface": "east"},
				"up": {"uv": [14.525, 1.525, 15.975, 14.475], "texture": "#3", "cullface": "up"}
			}
		},
		{
			"from": [14, 15.5, 1.5],
			"to": [14.5, 16, 6],
			"faces": {
				"up": {"uv": [14.025, 1.525, 14.475, 5.975], "texture": "#3", "cullface": "up"}
			}
		},
		{
			"from": [13.5, 15.5, 2],
			"to": [14, 16, 5],
			"faces": {
				"up": {"uv": [13.525, 2.025, 13.975, 4.975], "texture": "#3", "cullface": "up"}
			}
		},
		{
			"from": [13, 15.5, 2.5],
			"to": [13.5, 16, 4],
			"faces": {
				"up": {"uv": [13.025, 2.525, 13.475, 3.975], "texture": "#3", "cullface": "up"}
			}
		},
		{
			"from": [12.5, 15.5, 3],
			"to": [13, 16, 3.5],
			"faces": {
				"up": {"uv": [12.525, 3.025, 12.975, 3.475], "texture": "#3", "cullface": "up"}
			}
		},
		{
			"from": [10, 15.5, 1.5],
			"to": [14, 16, 2],
			"faces": {
				"up": {"uv": [10.025, 1.525, 13.975, 1.975], "texture": "#3", "cullface": "up"}
			}
		},
		{
			"from": [11, 15.5, 2],
			"to": [13.5, 16, 2.5],
			"faces": {
				"up": {"uv": [11.025, 2.025, 13.475, 2.475], "texture": "#3", "cullface": "up"}
			}
		},
		{
			"from": [12, 15.5, 2.5],
			"to": [13, 16, 3],
			"faces": {
				"up": {"uv": [12.025, 2.525, 12.975, 2.975], "texture": "#3", "cullface": "up"}
			}
		},
		{
			"from": [1.5, 15.5, 1.5],
			"to": [6, 16, 2],
			"faces": {
				"up": {"uv": [1.525, 1.525, 5.975, 1.975], "texture": "#3", "cullface": "up"}
			}
		},
		{
			"from": [2, 15.5, 2],
			"to": [5, 16, 2.5],
			"faces": {
				"up": {"uv": [2.025, 2.025, 4.975, 2.475], "texture": "#3", "cullface": "up"}
			}
		},
		{
			"from": [2.5, 15.5, 2.5],
			"to": [4, 16, 3],
			"faces": {
				"up": {"uv": [2.525, 2.525, 3.975, 2.975], "texture": "#3", "cullface": "up"}
			}
		},
		{
			"from": [3, 15.5, 3],
			"to": [3.5, 16, 3.5],
			"faces": {
				"up": {"uv": [3.025, 3.025, 3.475, 3.475], "texture": "#3", "cullface": "up"}
			}
		},
		{
			"from": [1.5, 15.5, 2],
			"to": [2, 16, 6],
			"faces": {
				"up": {"uv": [1.525, 2.025, 1.975, 5.975], "texture": "#3", "cullface": "up"}
			}
		},
		{
			"from": [2, 15.5, 2.5],
			"to": [2.5, 16, 5],
			"faces": {
				"up": {"uv": [2.025, 2.525, 2.475, 4.975], "texture": "#3", "cullface": "up"}
			}
		},
		{
			"from": [2.5, 15.5, 3],
			"to": [3, 16, 4],
			"faces": {
				"up": {"uv": [2.525, 3.025, 2.975, 3.975], "texture": "#3", "cullface": "up"}
			}
		},
		{
			"from": [10, 15.5, 14],
			"to": [14.5, 16, 14.5],
			"faces": {
				"up": {"uv": [10.025, 14.025, 14.475, 14.475], "texture": "#3", "cullface": "up"}
			}
		},
		{
			"from": [11, 15.5, 13.5],
			"to": [14, 16, 14],
			"faces": {
				"up": {"uv": [11.025, 13.525, 13.975, 13.975], "texture": "#3", "cullface": "up"}
			}
		},
		{
			"from": [12, 15.5, 13],
			"to": [13.5, 16, 13.5],
			"faces": {
				"up": {"uv": [12.025, 13.025, 13.475, 13.475], "texture": "#3", "cullface": "up"}
			}
		},
		{
			"from": [12.5, 15.5, 12.5],
			"to": [13, 16, 13],
			"faces": {
				"up": {"uv": [12.525, 12.525, 12.975, 12.975], "texture": "#3", "cullface": "up"}
			}
		},
		{
			"from": [14, 15.5, 10],
			"to": [14.5, 16, 14],
			"faces": {
				"up": {"uv": [14.025, 10.025, 14.475, 13.975], "texture": "#3", "cullface": "up"}
			}
		},
		{
			"from": [13.5, 15.5, 11],
			"to": [14, 16, 13.5],
			"faces": {
				"up": {"uv": [13.525, 11.025, 13.975, 13.475], "texture": "#3", "cullface": "up"}
			}
		},
		{
			"from": [13, 15.5, 12],
			"to": [13.5, 16, 13],
			"faces": {
				"up": {"uv": [13.025, 12.025, 13.475, 12.975], "texture": "#3", "cullface": "up"}
			}
		},
		{
			"from": [1.5, 15.5, 10],
			"to": [2, 16, 14.5],
			"faces": {
				"up": {"uv": [1.525, 10.025, 1.975, 14.475], "texture": "#3", "cullface": "up"}
			}
		},
		{
			"from": [2, 15.5, 11],
			"to": [2.5, 16, 14],
			"faces": {
				"up": {"uv": [2.025, 11.025, 2.475, 13.975], "texture": "#3", "cullface": "up"}
			}
		},
		{
			"from": [2.5, 15.5, 12],
			"to": [3, 16, 13.5],
			"faces": {
				"up": {"uv": [2.525, 12.025, 2.975, 13.475], "texture": "#3", "cullface": "up"}
			}
		},
		{
			"from": [3, 15.5, 12.5],
			"to": [3.5, 16, 13],
			"faces": {
				"up": {"uv": [3.025, 12.525, 3.475, 12.975], "texture": "#3", "cullface": "up"}
			}
		},
		{
			"from": [2, 15.5, 14],
			"to": [6, 16, 14.5],
			"faces": {
				"up": {"uv": [2.025, 14.025, 5.975, 14.475], "texture": "#3", "cullface": "up"}
			}
		},
		{
			"from": [2.5, 15.5, 13.5],
			"to": [5, 16, 14],
			"faces": {
				"up": {"uv": [2.525, 13.525, 4.975, 13.975], "texture": "#3", "cullface": "up"}
			}
		},
		{
			"from": [3, 15.5, 13],
			"to": [4, 16, 13.5],
			"faces": {
				"up": {"uv": [3.025, 13.025, 3.975, 13.475], "texture": "#3", "cullface": "up"}
			}
		},
		{
			"from": [0, 3.5, -0.25],
			"to": [16, 4.5, 0],
			"faces": {
				"north": {"uv": [0.025, 11.525, 15.975, 12.475], "texture": "#2", "cullface": "north"},
				"east": {"uv": [0.025, 11.525, 0.475, 12.475], "texture": "#2", "cullface": "north"},
				"west": {"uv": [15.525, 11.525, 15.975, 12.475], "texture": "#2", "cullface": "north"},
				"up": {"uv": [15.975, 11.525, 0.025, 11.975], "texture": "#2", "cullface": "north"},
				"down": {"uv": [15.975, 12.025, 0.025, 12.475], "texture": "#2", "cullface": "north"}
			}
		},
		{
			"from": [0, 11.5, -0.25],
			"to": [16, 12.5, 0],
			"faces": {
				"north": {"uv": [0.025, 3.525, 15.975, 4.475], "texture": "#2", "cullface": "north"},
				"east": {"uv": [0.025, 3.525, 0.475, 4.475], "texture": "#2", "cullface": "north"},
				"west": {"uv": [15.525, 3.525, 15.975, 4.475], "texture": "#2", "cullface": "north"},
				"up": {"uv": [15.975, 3.525, 0.025, 3.975], "texture": "#2", "cullface": "north"},
				"down": {"uv": [15.975, 4.025, 0.025, 4.475], "texture": "#2", "cullface": "north"}
			}
		},
		{
			"from": [16, 3.5, 0],
			"to": [16.25, 4.5, 16],
			"faces": {
				"north": {"uv": [15.525, 11.525, 15.975, 12.475], "texture": "#2", "cullface": "east"},
				"east": {"uv": [0.025, 11.525, 15.975, 12.475], "texture": "#2", "cullface": "east"},
				"south": {"uv": [0.025, 11.525, 0.475, 12.475], "texture": "#2", "cullface": "east"},
				"up": {"uv": [0.025, 11.525, 15.975, 11.975], "rotation": 270, "texture": "#2", "cullface": "east"},
				"down": {"uv": [0.025, 12.025, 15.975, 12.475], "rotation": 90, "texture": "#2", "cullface": "east"}
			}
		},
		{
			"from": [16, 11.5, 0],
			"to": [16.25, 12.5, 16],
			"faces": {
				"north": {"uv": [15.525, 3.525, 15.975, 4.475], "texture": "#2", "cullface": "east"},
				"east": {"uv": [0.025, 3.525, 15.975, 4.475], "texture": "#2", "cullface": "east"},
				"south": {"uv": [0.025, 3.525, 0.475, 4.475], "texture": "#2", "cullface": "east"},
				"up": {"uv": [0.025, 3.525, 15.975, 3.975], "rotation": 270, "texture": "#2", "cullface": "east"},
				"down": {"uv": [0.025, 4.025, 15.975, 4.475], "rotation": 90, "texture": "#2", "cullface": "east"}
			}
		},
		{
			"from": [0, 3.5, 16],
			"to": [16, 4.5, 16.25],
			"faces": {
				"east": {"uv": [15.525, 11.525, 15.975, 12.475], "texture": "#2", "cullface": "south"},
				"south": {"uv": [0.025, 11.525, 15.975, 12.475], "texture": "#2", "cullface": "south"},
				"west": {"uv": [0.025, 11.525, 0.475, 12.475], "texture": "#2", "cullface": "south"},
				"up": {"uv": [0.025, 11.525, 15.975, 11.975], "texture": "#2", "cullface": "south"},
				"down": {"uv": [0.025, 12.025, 15.975, 12.475], "texture": "#2", "cullface": "south"}
			}
		},
		{
			"from": [0, 11.5, 16],
			"to": [16, 12.5, 16.25],
			"faces": {
				"east": {"uv": [15.525, 3.525, 15.975, 4.475], "texture": "#2", "cullface": "south"},
				"south": {"uv": [0.025, 3.525, 15.975, 4.475], "texture": "#2", "cullface": "south"},
				"west": {"uv": [0.025, 3.525, 0.475, 4.475], "texture": "#2", "cullface": "south"},
				"up": {"uv": [0.025, 3.525, 15.975, 3.975], "texture": "#2", "cullface": "south"},
				"down": {"uv": [0.025, 4.025, 15.975, 4.475], "texture": "#2", "cullface": "south"}
			}
		},
		{
			"from": [-0.25, 3.5, 0],
			"to": [0, 4.5, 16],
			"faces": {
				"north": {"uv": [0.025, 11.525, 0.475, 12.475], "texture": "#2", "cullface": "west"},
				"south": {"uv": [15.525, 11.525, 15.975, 12.475], "texture": "#2", "cullface": "west"},
				"west": {"uv": [0.025, 11.525, 15.975, 12.475], "texture": "#2", "cullface": "west"},
				"up": {"uv": [0.025, 11.525, 15.975, 11.975], "rotation": 90, "texture": "#2", "cullface": "west"},
				"down": {"uv": [0.025, 12.025, 15.975, 12.475], "rotation": 270, "texture": "#2", "cullface": "west"}
			}
		},
		{
			"from": [-0.25, 11.5, 0],
			"to": [0, 12.5, 16],
			"faces": {
				"north": {"uv": [0.025, 3.525, 0.475, 4.475], "texture": "#2", "cullface": "west"},
				"south": {"uv": [15.525, 3.525, 15.975, 4.475], "texture": "#2", "cullface": "west"},
				"west": {"uv": [0.025, 3.525, 15.975, 4.475], "texture": "#2", "cullface": "west"},
				"up": {"uv": [0.025, 3.525, 15.975, 3.975], "rotation": 90, "texture": "#2", "cullface": "west"},
				"down": {"uv": [0.025, 4.025, 15.975, 4.475], "rotation": 270, "texture": "#2", "cullface": "west"}
			}
		},
		{
			"from": [6, 15.5, 1.5],
			"to": [10, 16.25, 2],
			"faces": {
				"north": {"uv": [6.025, 1.525, 9.975, 1.975], "texture": "#3", "cullface": "up"},
				"east": {"uv": [9.525, 1.525, 9.975, 1.975], "texture": "#3", "cullface": "up"},
				"west": {"uv": [6.025, 1.525, 6.475, 1.975], "texture": "#3", "cullface": "up"},
				"up": {"uv": [6.025, 1.525, 9.975, 1.975], "texture": "#3", "cullface": "up"}
			}
		},
		{
			"from": [5, 15.5, 2],
			"to": [11, 16.25, 2.5],
			"faces": {
				"north": {"uv": [5.025, 2.025, 10.975, 2.475], "texture": "#3", "cullface": "up"},
				"east": {"uv": [10.525, 2.025, 10.975, 2.475], "texture": "#3", "cullface": "up"},
				"west": {"uv": [5.025, 2.025, 5.475, 2.475], "texture": "#3", "cullface": "up"},
				"up": {"uv": [5.025, 2.025, 10.975, 2.475], "texture": "#3", "cullface": "up"}
			}
		},
		{
			"from": [4, 15.5, 2.5],
			"to": [12, 16.25, 3],
			"faces": {
				"north": {"uv": [4.025, 2.525, 11.975, 2.975], "texture": "#3", "cullface": "up"},
				"east": {"uv": [11.525, 2.525, 11.975, 2.975], "texture": "#3", "cullface": "up"},
				"west": {"uv": [4.025, 2.525, 4.475, 2.975], "texture": "#3", "cullface": "up"},
				"up": {"uv": [4.025, 2.525, 11.975, 2.975], "texture": "#3", "cullface": "up"}
			}
		},
		{
			"from": [3.5, 15.5, 3],
			"to": [12.5, 16.25, 3.5],
			"faces": {
				"north": {"uv": [3.525, 3.025, 12.475, 3.475], "texture": "#3", "cullface": "up"},
				"east": {"uv": [12.025, 3.025, 12.475, 3.475], "texture": "#3", "cullface": "up"},
				"west": {"uv": [3.525, 3.025, 3.975, 3.475], "texture": "#3", "cullface": "up"},
				"up": {"uv": [3.525, 3.025, 12.475, 3.475], "texture": "#3", "cullface": "up"}
			}
		},
		{
			"from": [3, 15.5, 3.5],
			"to": [13, 16.25, 4],
			"faces": {
				"north": {"uv": [3.025, 3.525, 12.975, 3.975], "texture": "#3", "cullface": "up"},
				"east": {"uv": [12.525, 3.525, 12.975, 3.975], "texture": "#3", "cullface": "up"},
				"west": {"uv": [3.025, 3.525, 3.475, 3.975], "texture": "#3", "cullface": "up"},
				"up": {"uv": [3.025, 3.525, 12.975, 3.975], "texture": "#3", "cullface": "up"}
			}
		},
		{
			"from": [2.5, 15.5, 4],
			"to": [13.5, 16.25, 5],
			"faces": {
				"north": {"uv": [2.525, 4.025, 13.475, 4.475], "texture": "#3", "cullface": "up"},
				"east": {"uv": [13.025, 4.025, 13.475, 4.975], "texture": "#3", "cullface": "up"},
				"west": {"uv": [2.525, 4.025, 2.975, 4.975], "texture": "#3", "cullface": "up"},
				"up": {"uv": [2.525, 4.025, 13.475, 4.975], "texture": "#3", "cullface": "up"}
			}
		},
		{
			"from": [2, 15.5, 5],
			"to": [14, 16.25, 6],
			"faces": {
				"north": {"uv": [2.025, 5.025, 13.975, 5.475], "texture": "#3", "cullface": "up"},
				"east": {"uv": [13.525, 5.025, 13.975, 5.975], "texture": "#3", "cullface": "up"},
				"west": {"uv": [2.025, 5.025, 2.475, 5.975], "texture": "#3", "cullface": "up"},
				"up": {"uv": [2.025, 5.025, 13.975, 5.975], "texture": "#3", "cullface": "up"}
			}
		},
		{
			"from": [1.5, 15.5, 6],
			"to": [14.5, 16.25, 10],
			"faces": {
				"north": {"uv": [1.525, 6.025, 14.475, 6.475], "texture": "#3", "cullface": "up"},
				"east": {"uv": [14.025, 6.025, 14.475, 9.975], "rotation": 90, "texture": "#3", "cullface": "up"},
				"south": {"uv": [1.525, 9.525, 14.475, 9.975], "texture": "#3", "cullface": "up"},
				"west": {"uv": [1.525, 6.025, 1.975, 9.975], "rotation": 90, "texture": "#3", "cullface": "up"},
				"up": {"uv": [1.525, 6.025, 14.475, 9.975], "texture": "#3", "cullface": "up"}
			}
		},
		{
			"from": [2, 15.5, 10],
			"to": [14, 16.25, 11],
			"faces": {
				"east": {"uv": [13.525, 10.025, 13.975, 10.975], "texture": "#3", "cullface": "up"},
				"south": {"uv": [2.025, 10.525, 13.975, 10.975], "texture": "#3", "cullface": "up"},
				"west": {"uv": [2.025, 10.025, 2.475, 10.975], "texture": "#3", "cullface": "up"},
				"up": {"uv": [2.025, 10.025, 13.975, 10.975], "texture": "#3", "cullface": "up"}
			}
		},
		{
			"from": [2.5, 15.5, 11],
			"to": [13.5, 16.25, 12],
			"faces": {
				"east": {"uv": [13.025, 11.025, 13.475, 11.975], "texture": "#3", "cullface": "up"},
				"south": {"uv": [2.525, 11.525, 13.475, 11.975], "texture": "#3", "cullface": "up"},
				"west": {"uv": [2.525, 11.025, 2.975, 11.975], "texture": "#3", "cullface": "up"},
				"up": {"uv": [2.525, 11.025, 13.475, 11.975], "texture": "#3", "cullface": "up"}
			}
		},
		{
			"from": [3, 15.5, 12],
			"to": [13, 16.25, 12.5],
			"faces": {
				"east": {"uv": [12.525, 12.025, 12.975, 12.475], "texture": "#3", "cullface": "up"},
				"south": {"uv": [3.025, 12.025, 12.975, 12.475], "texture": "#3", "cullface": "up"},
				"west": {"uv": [3.025, 12.025, 3.475, 12.475], "texture": "#3", "cullface": "up"},
				"up": {"uv": [3.025, 12.025, 12.975, 12.475], "texture": "#3", "cullface": "up"}
			}
		},
		{
			"from": [3.5, 15.5, 12.5],
			"to": [12.5, 16.25, 13],
			"faces": {
				"east": {"uv": [12.025, 12.525, 12.475, 12.975], "texture": "#3", "cullface": "up"},
				"south": {"uv": [3.525, 12.525, 12.475, 12.975], "texture": "#3", "cullface": "up"},
				"west": {"uv": [3.525, 12.525, 3.975, 12.975], "texture": "#3", "cullface": "up"},
				"up": {"uv": [3.525, 12.525, 12.475, 12.975], "texture": "#3", "cullface": "up"}
			}
		},
		{
			"from": [4, 15.5, 13],
			"to": [12, 16.25, 13.5],
			"faces": {
				"east": {"uv": [11.525, 13.025, 11.975, 13.475], "texture": "#3", "cullface": "up"},
				"south": {"uv": [4.025, 13.025, 11.975, 13.475], "texture": "#3", "cullface": "up"},
				"west": {"uv": [4.025, 13.025, 4.475, 13.475], "texture": "#3", "cullface": "up"},
				"up": {"uv": [4.025, 13.025, 11.975, 13.475], "texture": "#3", "cullface": "up"}
			}
		},
		{
			"from": [5, 15.5, 13.5],
			"to": [11, 16.25, 14],
			"faces": {
				"east": {"uv": [10.525, 13.525, 10.975, 13.975], "texture": "#3", "cullface": "up"},
				"south": {"uv": [5.025, 13.525, 10.975, 13.975], "texture": "#3", "cullface": "up"},
				"west": {"uv": [5.025, 13.525, 5.475, 13.975], "texture": "#3", "cullface": "up"},
				"up": {"uv": [5.025, 13.525, 10.975, 13.975], "texture": "#3", "cullface": "up"}
			}
		},
		{
			"from": [6, 15.5, 14],
			"to": [10, 16.25, 14.5],
			"faces": {
				"east": {"uv": [9.525, 14.025, 9.975, 14.475], "texture": "#3", "cullface": "up"},
				"south": {"uv": [6.025, 14.025, 9.975, 14.475], "texture": "#3", "cullface": "up"},
				"west": {"uv": [6.025, 14.025, 6.475, 14.475], "texture": "#3", "cullface": "up"},
				"up": {"uv": [6.025, 14.025, 9.975, 14.475], "texture": "#3", "cullface": "up"}
			}
		},
		{
			"from": [3.5, 16.25, 8],
			"to": [4.5, 16.5, 8.5],
			"faces": {
				"north": {"uv": [3.525, 8.025, 4.475, 8.475], "texture": "#3", "cullface": "up"},
				"east": {"uv": [4.025, 8.025, 4.475, 8.475], "texture": "#3", "cullface": "up"},
				"west": {"uv": [3.525, 8.025, 3.975, 8.475], "texture": "#3", "cullface": "up"},
				"up": {"uv": [3.525, 8.025, 4.475, 8.475], "texture": "#3", "cullface": "up"}
			}
		},
		{
			"from": [3, 16.25, 8.5],
			"to": [5, 16.5, 9.5],
			"faces": {
				"north": {"uv": [4.975, 8.525, 3.025, 8.975], "texture": "#3", "cullface": "up"},
				"east": {"uv": [4.525, 8.525, 4.975, 9.475], "texture": "#3", "cullface": "up"},
				"south": {"uv": [3.025, 9.025, 4.975, 9.475], "texture": "#3", "cullface": "up"},
				"west": {"uv": [3.025, 8.525, 3.475, 9.475], "texture": "#3", "cullface": "up"},
				"up": {"uv": [3.025, 8.525, 4.975, 9.475], "texture": "#3", "cullface": "up"}
			}
		},
		{
			"from": [3.5, 16.25, 9.5],
			"to": [4.5, 16.5, 10],
			"faces": {
				"east": {"uv": [4.025, 9.525, 4.475, 9.975], "texture": "#3", "cullface": "up"},
				"south": {"uv": [3.525, 9.525, 4.475, 9.975], "texture": "#3", "cullface": "up"},
				"west": {"uv": [3.525, 9.525, 3.975, 9.975], "texture": "#3", "cullface": "up"},
				"up": {"uv": [3.525, 9.525, 4.475, 9.975], "texture": "#3", "cullface": "up"}
			}
		}
	],
	"groups": [0,
		{
			"name": "rim",
			"origin": [8, 8, 8],
			"children": [1, 2, 3, 4]
		},
		{
			"name": "northeast_corner",
			"origin": [8, 8, 8],
			"children": [5, 6, 7, 8, 9, 10, 11]
		},
		{
			"name": "northwest_corner",
			"origin": [8, 8, 8],
			"children": [12, 13, 14, 15, 16, 17, 18]
		},
		{
			"name": "southeast_corner",
			"origin": [8, 8, 8],
			"children": [19, 20, 21, 22, 23, 24, 25]
		},
		{
			"name": "southwest_corner",
			"origin": [8, 8, 8],
			"children": [26, 27, 28, 29, 30, 31, 32]
		},
		{
			"name": "north_band",
			"origin": [8, 8, 8],
			"children": [33, 34]
		},
		{
			"name": "east_band",
			"origin": [8, 8, 8],
			"children": [35, 36]
		},
		{
			"name": "south_band",
			"origin": [8, 8, 8],
			"children": [37, 38]
		},
		{
			"name": "west_band",
			"origin": [8, 8, 8],
			"children": [39, 40]
		},
		{
			"name": "lid",
			"origin": [8, 8, 8],
			"children": [41, 42, 43, 44, 45, 46, 47, 48, 49, 50, 51, 52, 53, 54, 55]
		},
		{
			"name": "knob",
			"origin": [8, 8, 8],
			"children": [56, 57, 58]
		}
	]
}