{
	"credit": "Designed by Juknum",
	"parent": "block/block",
	"ambientocclusion": false,
	"textures": {
		"0": "block/bee_nest_front",
		"2": "block/bee_nest_side",
		"3": "block/bee_nest_top",
		"4": "block/bee_nest_bottom",
		"5": "block/bee_nest_front_honey",
		"particle": "block/bee_nest_side"
	},
	"elements": [
		{
			"from": [0, 0, 0],
			"to": [16, 16, 16],
			"faces": {
				"north": {"uv": [0, 0, 16, 16], "texture": "#5", "cullface": "north"},
				"east": {"uv": [0, 0, 16, 16], "texture": "#2", "cullface": "east"},
				"south": {"uv": [0, 0, 16, 16], "texture": "#2", "cullface": "south"},
				"west": {"uv": [0, 0, 16, 16], "texture": "#2", "cullface": "west"},
				"up": {"uv": [0, 0, 16, 16], "texture": "#3", "cullface": "up"},
				"down": {"uv": [0, 0, 16, 16], "texture": "#4", "cullface": "down"}
			}
		},
		{
			"from": [10.5, 4, -1],
			"to": [14.5, 4.5, 0],
			"faces": {
				"north": {"uv": [1.5, 12, 5.5, 12.5], "texture": "#0", "cullface": "north"},
				"east": {"uv": [1.5, 11.5, 2, 12.5], "rotation": 90, "texture": "#0", "cullface": "north"},
				"west": {"uv": [5, 11.5, 5.5, 12.5], "rotation": 90, "texture": "#0", "cullface": "north"},
				"up": {"uv": [1.5, 11.5, 5.5, 12.5], "rotation": 180, "texture": "#0", "cullface": "north"},
				"down": {"uv": [1.5, 11.5, 5.5, 12.5], "rotation": 180, "texture": "#0", "cullface": "north"}
			}
		},
		{
			"from": [1.5, 12, -1],
			"to": [5.5, 12.5, 0],
			"rotation": {"angle": 0, "axis": "y", "origin": [-1, 16, 8]},
			"faces": {
				"north": {"uv": [10.5, 4, 14.5, 4.5], "texture": "#0", "cullface": "north"},
				"east": {"uv": [10.5, 3.5, 11, 4.5], "rotation": 90, "texture": "#0", "cullface": "north"},
				"west": {"uv": [14, 3.5, 14.5, 4.5], "rotation": 90, "texture": "#0", "cullface": "north"},
				"up": {"uv": [10.5, 3.5, 14.5, 4.5], "rotation": 180, "texture": "#0", "cullface": "north"},
				"down": {"uv": [10.5, 3.5, 14.5, 4.5], "rotation": 180, "texture": "#0", "cullface": "north"}
			}
		},
		{
			"from": [1.5, 12.5, -0.75],
			"to": [2, 13, -0.25],
			"rotation": {"angle": 0, "axis": "y", "origin": [-1, 16, 8]},
			"faces": {
				"north": {"uv": [14, 3, 14.5, 3.5], "texture": "#0", "cullface": "north"},
				"east": {"uv": [14, 3, 14.5, 3.5], "rotation": 90, "texture": "#0", "cullface": "north"},
				"west": {"uv": [14, 3, 14.5, 3.5], "rotation": 90, "texture": "#0", "cullface": "north"},
				"up": {"uv": [13.5, 2.5, 14, 3], "rotation": 180, "texture": "#0", "cullface": "north"}
			}
		},
		{
			"from": [3, 8, -0.25],
			"to": [3.5, 8.5, 0],
			"rotation": {"angle": 0, "axis": "y", "origin": [-1, 16, 8]},
			"faces": {
				"north": {"uv": [12.5, 7.5, 13, 8], "texture": "#5", "cullface": "north"},
				"east": {"uv": [12.5, 7.5, 13, 8], "rotation": 90, "texture": "#5", "cullface": "north"},
				"west": {"uv": [12.5, 7.5, 13, 8], "rotation": 90, "texture": "#5", "cullface": "north"}
			}
		},
		{
			"from": [4.5, 8, -0.25],
			"to": [5, 8.5, 0],
			"rotation": {"angle": 0, "axis": "y", "origin": [-1, 16, 8]},
			"faces": {
				"north": {"uv": [11, 7.5, 11.5, 8], "texture": "#5", "cullface": "north"},
				"east": {"uv": [11, 7.5, 11.5, 8], "rotation": 90, "texture": "#5", "cullface": "north"},
				"west": {"uv": [11, 7.5, 11.5, 8], "rotation": 90, "texture": "#5", "cullface": "north"}
			}
		},
		{
			"from": [12.5, 0.5, -0.25],
			"to": [13, 1, 0],
			"rotation": {"angle": 0, "axis": "y", "origin": [-1, 16, 8]},
			"faces": {
				"north": {"uv": [3, 15, 3.5, 15.5], "texture": "#5", "cullface": "north"},
				"east": {"uv": [3, 15, 3.5, 15.5], "rotation": 90, "texture": "#5", "cullface": "north"},
				"west": {"uv": [3, 15, 3.5, 15.5], "rotation": 90, "texture": "#5", "cullface": "north"},
				"down": {"uv": [3, 15, 3.5, 15.25], "rotation": 180, "texture": "#5", "cullface": "north"}
			}
		},
		{
			"from": [11, 0.5, -0.25],
			"to": [12, 1, 0],
			"rotation": {"angle": 0, "axis": "y", "origin": [-1, 16, 8]},
			"faces": {
				"north": {"uv": [3, 15, 3.5, 15.5], "texture": "#5", "cullface": "north"},
				"east": {"uv": [3, 15, 3.5, 15.5], "rotation": 90, "texture": "#5", "cullface": "north"},
				"down": {"uv": [4, 15, 5, 15.25], "rotation": 180, "texture": "#5", "cullface": "north"}
			}
		},
		{
			"from": [5, 12.5, -0.75],
			"to": [5.5, 13, -0.25],
			"rotation": {"angle": 0, "axis": "y", "origin": [-1, 16, 8]},
			"faces": {
				"north": {"uv": [14, 3, 14.5, 3.5], "texture": "#0", "cullface": "north"},
				"east": {"uv": [14, 3, 14.5, 3.5], "rotation": 90, "texture": "#0", "cullface": "north"},
				"west": {"uv": [14, 3, 14.5, 3.5], "rotation": 90, "texture": "#0", "cullface": "north"},
				"up": {"uv": [13.5, 2.5, 14, 3], "rotation": 180, "texture": "#0", "cullface": "north"}
			}
		},
		{
			"from": [2, 13, -0.75],
			"to": [2.5, 13.5, -0.25],
			"rotation": {"angle": 0, "axis": "y", "origin": [-1, 16, 8]},
			"faces": {
				"north": {"uv": [13.5, 2.5, 14, 3], "texture": "#0", "cullface": "north"},
				"east": {"uv": [13.5, 2.5, 14, 3], "rotation": 90, "texture": "#0", "cullface": "north"},
				"west": {"uv": [13.5, 2.5, 14, 3], "rotation": 90, "texture": "#0", "cullface": "north"},
				"up": {"uv": [13.5, 2.5, 14, 3], "rotation": 180, "texture": "#0", "cullface": "north"},
				"down": {"uv": [14, 3, 14.5, 3.5], "rotation": 180, "texture": "#0", "cullface": "north"}
			}
		},
		{
			"from": [4.5, 13, -0.75],
			"to": [5, 13.5, -0.25],
			"rotation": {"angle": 0, "axis": "y", "origin": [-1, 16, 8]},
			"faces": {
				"north": {"uv": [13.5, 2.5, 14, 3], "texture": "#0", "cullface": "north"},
				"east": {"uv": [13.5, 2.5, 14, 3], "rotation": 90, "texture": "#0", "cullface": "north"},
				"west": {"uv": [13.5, 2.5, 14, 3], "rotation": 90, "texture": "#0", "cullface": "north"},
				"up": {"uv": [13.5, 2.5, 14, 3], "rotation": 180, "texture": "#0", "cullface": "north"},
				"down": {"uv": [14, 3, 14.5, 3.5], "rotation": 180, "texture": "#0", "cullface": "north"}
			}
		},
		{
			"from": [4, 13.5, -0.75],
			"to": [4.5, 14, -0.25],
			"rotation": {"angle": 0, "axis": "y", "origin": [-1, 16, 8]},
			"faces": {
				"north": {"uv": [13.5, 2.5, 14, 3], "texture": "#0", "cullface": "north"},
				"east": {"uv": [13.5, 2.5, 14, 3], "rotation": 90, "texture": "#0", "cullface": "north"},
				"west": {"uv": [13.5, 2.5, 14, 3], "rotation": 90, "texture": "#0", "cullface": "north"},
				"up": {"uv": [13.5, 2.5, 14, 3], "rotation": 180, "texture": "#0", "cullface": "north"},
				"down": {"uv": [14, 3, 14.5, 3.5], "rotation": 180, "texture": "#0", "cullface": "north"}
			}
		},
		{
			"from": [2.5, 13.5, -0.75],
			"to": [3, 14, -0.25],
			"rotation": {"angle": 0, "axis": "y", "origin": [-1, 16, 8]},
			"faces": {
				"north": {"uv": [13.5, 2.5, 14, 3], "texture": "#0", "cullface": "north"},
				"east": {"uv": [13.5, 2.5, 14, 3], "rotation": 90, "texture": "#0", "cullface": "north"},
				"west": {"uv": [13.5, 2.5, 14, 3], "rotation": 90, "texture": "#0", "cullface": "north"},
				"up": {"uv": [13.5, 2.5, 14, 3], "rotation": 180, "texture": "#0", "cullface": "north"},
				"down": {"uv": [14, 3, 14.5, 3.5], "rotation": 180, "texture": "#0", "cullface": "north"}
			}
		},
		{
			"from": [3, 14, -0.75],
			"to": [4, 14.5, -0.25],
			"rotation": {"angle": 0, "axis": "y", "origin": [-1, 16, 8]},
			"faces": {
				"north": {"uv": [13.5, 2.5, 14, 3], "texture": "#0", "cullface": "north"},
				"east": {"uv": [13.5, 2.5, 14, 3], "rotation": 90, "texture": "#0", "cullface": "north"},
				"west": {"uv": [13.5, 2.5, 14, 3], "rotation": 90, "texture": "#0", "cullface": "north"},
				"up": {"uv": [13.5, 2.5, 14, 3], "rotation": 180, "texture": "#0", "cullface": "north"},
				"down": {"uv": [14, 3, 14.5, 3.5], "rotation": 180, "texture": "#0", "cullface": "north"}
			}
		},
		{
			"from": [5.5, 8.5, -0.25],
			"to": [16, 12, 0],
			"rotation": {"angle": 0, "axis": "y", "origin": [-1, 16, 8]},
			"faces": {
				"north": {"uv": [0, 4, 10.5, 7.5], "texture": "#0", "cullface": "north"},
				"east": {"uv": [0, 4, 0.25, 7.5], "texture": "#0", "cullface": "north"},
				"up": {"uv": [0, 4, 10.5, 4.25], "rotation": 180, "texture": "#0", "cullface": "north"},
				"down": {"uv": [0, 7, 10.5, 7.25], "rotation": 180, "texture": "#0", "cullface": "north"}
			}
		},
		{
			"from": [0, 0.5, -0.25],
			"to": [10.5, 4, 0],
			"rotation": {"angle": 0, "axis": "y", "origin": [-1, 16, 8]},
			"faces": {
				"north": {"uv": [5.5, 12, 16, 15.5], "texture": "#0", "cullface": "north"},
				"west": {"uv": [15.5, 12, 15.75, 15.5], "texture": "#0", "cullface": "north"},
				"up": {"uv": [5.5, 12, 16, 12.25], "rotation": 180, "texture": "#0", "cullface": "north"},
				"down": {"uv": [5.5, 15, 16, 15.25], "rotation": 180, "texture": "#0", "cullface": "north"}
			}
		},
		{
			"from": [0, 8.5, -0.25],
			"to": [1.5, 12, 0],
			"rotation": {"angle": 0, "axis": "y", "origin": [-1, 16, 8]},
			"faces": {
				"north": {"uv": [14.5, 4, 16, 7.5], "texture": "#0", "cullface": "north"},
				"west": {"uv": [15.5, 4, 15.75, 7.5], "texture": "#0", "cullface": "north"},
				"up": {"uv": [14.5, 4, 16, 4.25], "rotation": 180, "texture": "#0", "cullface": "north"},
				"down": {"uv": [14.5, 7, 16, 7.25], "rotation": 180, "texture": "#0", "cullface": "north"}
			}
		},
		{
			"from": [2, 8.5, -0.25],
			"to": [5, 12, 0],
			"rotation": {"angle": 0, "axis": "y", "origin": [-1, 16, 8]},
			"faces": {
				"north": {"uv": [11, 4, 14, 7.5], "texture": "#5", "cullface": "north"},
				"down": {"uv": [11, 7, 14, 7.25], "rotation": 180, "texture": "#5", "cullface": "north"}
			}
		},
		{
			"from": [11, 1, -0.25],
			"to": [14, 4, 0],
			"rotation": {"angle": 0, "axis": "y", "origin": [-1, 16, 8]},
			"faces": {
				"north": {"uv": [2, 12, 5, 15], "texture": "#5", "cullface": "north"},
				"down": {"uv": [2, 14.5, 5, 14.75], "rotation": 180, "texture": "#5", "cullface": "north"}
			}
		},
		{
			"from": [14.5, 0.5, -0.25],
			"to": [16, 4, 0],
			"rotation": {"angle": 0, "axis": "y", "origin": [-1, 16, 8]},
			"faces": {
				"north": {"uv": [0, 12, 1.5, 15.5], "texture": "#0", "cullface": "north"},
				"east": {"uv": [0, 12, 0.25, 15.5], "texture": "#0", "cullface": "north"},
				"up": {"uv": [0, 12, 1.5, 12.25], "rotation": 180, "texture": "#0", "cullface": "north"},
				"down": {"uv": [0, 15, 1.5, 15.25], "rotation": 180, "texture": "#0", "cullface": "north"}
			}
		},
		{
			"from": [0, 12.5, -0.25],
			"to": [16, 16, 0],
			"rotation": {"angle": 0, "axis": "y", "origin": [-1, 16, 8]},
			"faces": {
				"north": {"uv": [0, 0, 16, 3.5], "texture": "#0", "cullface": "north"},
				"east": {"uv": [0, 0, 0.25, 3.5], "texture": "#0", "cullface": "north"},
				"west": {"uv": [15.5, 0, 15.75, 3.5], "texture": "#2", "cullface": "north"},
				"up": {"uv": [0, 0, 16, 0.25], "rotation": 180, "texture": "#0", "cullface": "north"},
				"down": {"uv": [0, 3, 16, 3.25], "rotation": 180, "texture": "#0", "cullface": "north"}
			}
		},
		{
			"from": [0, 12.5, 16],
			"to": [16, 16, 16.25],
			"rotation": {"angle": 0, "axis": "y", "origin": [-1, 16, 8]},
			"faces": {
				"east": {"uv": [0, 0, 0.25, 3.5], "texture": "#2", "cullface": "south"},
				"south": {"uv": [0, 0, 16, 3.5], "texture": "#2", "cullface": "south"},
				"west": {"uv": [15.5, 0, 15.75, 3.5], "texture": "#2", "cullface": "south"},
				"up": {"uv": [0, 0, 16, 0.25], "rotation": 180, "texture": "#2", "cullface": "south"},
				"down": {"uv": [0, 3, 16, 3.25], "rotation": 180, "texture": "#2", "cullface": "south"}
			}
		},
		{
			"from": [0, 8.5, 16],
			"to": [16, 12, 16.25],
			"rotation": {"angle": 0, "axis": "y", "origin": [-1, 16, 8]},
			"faces": {
				"east": {"uv": [0, 4, 0.25, 7.5], "texture": "#2", "cullface": "south"},
				"south": {"uv": [0, 4, 16, 7.5], "texture": "#2", "cullface": "south"},
				"west": {"uv": [15.5, 4, 15.75, 7.5], "texture": "#2", "cullface": "south"},
				"up": {"uv": [0, 4, 16, 4.25], "rotation": 180, "texture": "#2", "cullface": "south"},
				"down": {"uv": [0, 7, 16, 7.25], "rotation": 180, "texture": "#2", "cullface": "south"}
			}
		},
		{
			"from": [0, 4.5, 16],
			"to": [16, 8, 16.25],
			"rotation": {"angle": 0, "axis": "y", "origin": [-1, 16, 8]},
			"faces": {
				"east": {"uv": [0, 8, 0.25, 11.5], "texture": "#2", "cullface": "south"},
				"south": {"uv": [0, 8, 16, 11.5], "texture": "#2", "cullface": "south"},
				"west": {"uv": [15.5, 8, 15.75, 11.5], "texture": "#2", "cullface": "south"},
				"up": {"uv": [0, 8, 16, 8.25], "rotation": 180, "texture": "#2", "cullface": "south"},
				"down": {"uv": [0, 11, 16, 11.25], "rotation": 180, "texture": "#2", "cullface": "south"}
			}
		},
		{
			"from": [0, 0.5, 16],
			"to": [16, 4, 16.25],
			"rotation": {"angle": 0, "axis": "y", "origin": [-1, 16, 8]},
			"faces": {
				"east": {"uv": [0, 12, 0.25, 15.5], "texture": "#2", "cullface": "south"},
				"south": {"uv": [0, 12, 16, 15.5], "texture": "#2", "cullface": "south"},
				"west": {"uv": [15.5, 12, 15.75, 15.5], "texture": "#2", "cullface": "south"},
				"up": {"uv": [0, 12, 16, 12.25], "rotation": 180, "texture": "#2", "cullface": "south"},
				"down": {"uv": [0, 15, 16, 15.25], "rotation": 180, "texture": "#2", "cullface": "south"}
			}
		},
		{
			"from": [-0.25, 12.5, 0],
			"to": [0, 16, 16],
			"rotation": {"angle": 0, "axis": "y", "origin": [-1, 16, 8]},
			"faces": {
				"north": {"uv": [0, 0, 0.25, 3.5], "texture": "#2", "cullface": "west"},
				"south": {"uv": [15.5, 0, 15.75, 3.5], "texture": "#2", "cullface": "west"},
				"west": {"uv": [0, 0, 16, 3.5], "texture": "#2", "cullface": "west"},
				"up": {"uv": [0, 0, 16, 0.25], "rotation": 90, "texture": "#2", "cullface": "west"},
				"down": {"uv": [0, 3, 16, 3.25], "rotation": 270, "texture": "#2", "cullface": "west"}
			}
		},
		{
			"from": [-0.25, 8.5, 0],
			"to": [0, 12, 16],
			"rotation": {"angle": 0, "axis": "y", "origin": [-1, 16, 8]},
			"faces": {
				"north": {"uv": [0, 4, 0.25, 7.5], "texture": "#2", "cullface": "west"},
				"south": {"uv": [15.5, 4, 15.75, 7.5], "texture": "#2", "cullface": "west"},
				"west": {"uv": [0, 4, 16, 7.5], "texture": "#2", "cullface": "west"},
				"up": {"uv": [0, 4, 16, 4.25], "rotation": 90, "texture": "#2", "cullface": "west"},
				"down": {"uv": [0, 7, 16, 7.25], "rotation": 270, "texture": "#2", "cullface": "west"}
			}
		},
		{
			"from": [-0.25, 0.5, 0],
			"to": [0, 4, 16],
			"rotation": {"angle": 0, "axis": "y", "origin": [-1, 16, 8]},
			"faces": {
				"north": {"uv": [0, 12, 0.25, 15.5], "texture": "#2", "cullface": "west"},
				"south": {"uv": [15.5, 12, 15.75, 15.5], "texture": "#2", "cullface": "west"},
				"west": {"uv": [0, 12, 16, 15.5], "texture": "#2", "cullface": "west"},
				"up": {"uv": [0, 12, 16, 12.25], "rotation": 90, "texture": "#2", "cullface": "west"},
				"down": {"uv": [0, 15, 16, 15.25], "rotation": 270, "texture": "#2", "cullface": "west"}
			}
		},
		{
			"from": [16, 0.5, 0],
			"to": [16.25, 4, 16],
			"rotation": {"angle": 0, "axis": "y", "origin": [-1, 16, 8]},
			"faces": {
				"north": {"uv": [0, 12, 0.25, 15.5], "texture": "#2", "cullface": "east"},
				"east": {"uv": [0, 12, 16, 15.5], "texture": "#2", "cullface": "east"},
				"south": {"uv": [15.5, 12, 15.75, 15.5], "texture": "#2", "cullface": "east"},
				"up": {"uv": [0, 12, 16, 12.25], "rotation": 90, "texture": "#2", "cullface": "east"},
				"down": {"uv": [0, 15, 16, 15.25], "rotation": 270, "texture": "#2", "cullface": "east"}
			}
		},
		{
			"from": [16, 8.5, 0],
			"to": [16.25, 12, 16],
			"rotation": {"angle": 0, "axis": "y", "origin": [-1, 16, 8]},
			"faces": {
				"north": {"uv": [0, 4, 0.25, 7.5], "texture": "#2", "cullface": "east"},
				"east": {"uv": [0, 4, 16, 7.5], "texture": "#2", "cullface": "east"},
				"south": {"uv": [15.5, 4, 15.75, 7.5], "texture": "#2", "cullface": "east"},
				"up": {"uv": [0, 4, 16, 4.25], "rotation": 90, "texture": "#2", "cullface": "east"},
				"down": {"uv": [0, 7, 16, 7.25], "rotation": 270, "texture": "#2", "cullface": "east"}
			}
		},
		{
			"from": [16, 12.5, 0],
			"to": [16.25, 16, 16],
			"rotation": {"angle": 0, "axis": "y", "origin": [-1, 16, 8]},
			"faces": {
				"north": {"uv": [0, 0, 0.25, 3.5], "texture": "#2", "cullface": "east"},
				"east": {"uv": [0, 0, 16, 3.5], "texture": "#2", "cullface": "east"},
				"south": {"uv": [15.5, 0, 15.75, 3.5], "texture": "#2", "cullface": "east"},
				"up": {"uv": [0, 0, 16, 0.25], "rotation": 90, "texture": "#2", "cullface": "east"},
				"down": {"uv": [0, 3, 16, 3.25], "rotation": 270, "texture": "#2", "cullface": "east"}
			}
		},
		{
			"from": [16, 4.5, 0],
			"to": [16.25, 8, 16],
			"rotation": {"angle": 0, "axis": "y", "origin": [-1, 16, 8]},
			"faces": {
				"north": {"uv": [0, 8, 0.25, 11.5], "texture": "#2", "cullface": "east"},
				"east": {"uv": [0, 8, 16, 11.5], "texture": "#2", "cullface": "east"},
				"south": {"uv": [15.5, 8, 15.75, 11.5], "texture": "#2", "cullface": "east"},
				"up": {"uv": [0, 8, 16, 8.25], "rotation": 90, "texture": "#2", "cullface": "east"},
				"down": {"uv": [0, 11, 16, 11.25], "rotation": 270, "texture": "#2", "cullface": "east"}
			}
		},
		{
			"from": [-0.25, 4.5, 0],
			"to": [0, 8, 16],
			"rotation": {"angle": 0, "axis": "y", "origin": [-1, 16, 8]},
			"faces": {
				"north": {"uv": [0, 8, 0.25, 11.5], "texture": "#2", "cullface": "west"},
				"south": {"uv": [15.5, 8, 15.75, 11.5], "texture": "#2", "cullface": "west"},
				"west": {"uv": [0, 8, 16, 11.5], "texture": "#2", "cullface": "west"},
				"up": {"uv": [0, 8, 16, 8.25], "rotation": 90, "texture": "#2", "cullface": "west"},
				"down": {"uv": [0, 11, 16, 11.25], "rotation": 270, "texture": "#2", "cullface": "west"}
			}
		},
		{
			"from": [0.5, 16, 0],
			"to": [15.5, 16.25, 0.5],
			"rotation": {"angle": 0, "axis": "y", "origin": [-1, 16, 8]},
			"faces": {
				"north": {"uv": [0.5, 0, 15.5, 0.25], "texture": "#3", "cullface": "up"},
				"south": {"uv": [0.5, 0, 15.5, 0.25], "rotation": 180, "texture": "#3", "cullface": "up"},
				"up": {"uv": [0.5, 0, 15.5, 0.5], "rotation": 180, "texture": "#3", "cullface": "up"}
			}
		},
		{
			"from": [0.5, 16, 15.5],
			"to": [15.5, 16.25, 16],
			"rotation": {"angle": 0, "axis": "y", "origin": [-1, 16, 8]},
			"faces": {
				"north": {"uv": [0.5, 15.5, 15.5, 15.75], "rotation": 180, "texture": "#3", "cullface": "up"},
				"south": {"uv": [0.5, 15.5, 15.5, 15.75], "texture": "#3", "cullface": "up"},
				"up": {"uv": [0.5, 15.5, 15.5, 16], "texture": "#3", "cullface": "up"}
			}
		},
		{
			"from": [3, 16, 12.5],
			"to": [13, 16.25, 13],
			"rotation": {"angle": 0, "axis": "y", "origin": [-1, 16, 8]},
			"faces": {
				"north": {"uv": [3, 3, 13, 3.25], "rotation": 180, "texture": "#3", "cullface": "up"},
				"east": {"uv": [12.5, 3, 13, 3.25], "texture": "#3", "cullface": "up"},
				"south": {"uv": [3, 3, 13, 3.25], "texture": "#3", "cullface": "up"},
				"west": {"uv": [3, 3, 3.5, 3.25], "texture": "#3", "cullface": "up"},
				"up": {"uv": [3, 3, 13, 3.5], "texture": "#3", "cullface": "up"}
			}
		},
		{
			"from": [3, 16, 3],
			"to": [13, 16.25, 3.5],
			"rotation": {"angle": 0, "axis": "y", "origin": [-1, 16, 8]},
			"faces": {
				"north": {"uv": [3, 3, 13, 3.25], "rotation": 180, "texture": "#3", "cullface": "up"},
				"east": {"uv": [12.5, 3, 13, 3.25], "texture": "#3", "cullface": "up"},
				"south": {"uv": [3, 3, 13, 3.25], "texture": "#3", "cullface": "up"},
				"west": {"uv": [3, 3, 3.5, 3.25], "texture": "#3", "cullface": "up"},
				"up": {"uv": [3, 3, 13, 3.5], "texture": "#3", "cullface": "up"}
			}
		},
		{
			"from": [3, 16, 3.5],
			"to": [3.5, 16.25, 12.5],
			"rotation": {"angle": 0, "axis": "y", "origin": [-1, 16, 8]},
			"faces": {
				"east": {"uv": [3.5, 3, 12.5, 3.25], "texture": "#3", "cullface": "up"},
				"west": {"uv": [3.5, 3, 12.5, 3.25], "rotation": 180, "texture": "#3", "cullface": "up"},
				"up": {"uv": [3.5, 3, 12.5, 3.5], "rotation": 270, "texture": "#3", "cullface": "up"}
			}
		},
		{
			"from": [12.5, 16, 3.5],
			"to": [13, 16.25, 12.5],
			"rotation": {"angle": 0, "axis": "y", "origin": [-1, 16, 8]},
			"faces": {
				"east": {"uv": [3.5, 3, 12.5, 3.25], "rotation": 180, "texture": "#3", "cullface": "up"},
				"west": {"uv": [3.5, 3, 12.5, 3.25], "texture": "#3", "cullface": "up"},
				"up": {"uv": [3.5, 3, 12.5, 3.5], "rotation": 90, "texture": "#3", "cullface": "up"}
			}
		},
		{
			"from": [9.5, 16, 6],
			"to": [10, 16.25, 10],
			"rotation": {"angle": 0, "axis": "y", "origin": [-1, 16, 8]},
			"faces": {
				"east": {"uv": [6, 6, 10, 6.25], "rotation": 180, "texture": "#3", "cullface": "up"},
				"west": {"uv": [6, 6, 10, 6.25], "texture": "#3", "cullface": "up"},
				"up": {"uv": [6, 6, 10, 6.5], "rotation": 90, "texture": "#3", "cullface": "up"}
			}
		},
		{
			"from": [6, 16, 6],
			"to": [6.5, 16.25, 10],
			"rotation": {"angle": 0, "axis": "y", "origin": [-1, 16, 8]},
			"faces": {
				"east": {"uv": [6, 6, 10, 6.25], "rotation": 180, "texture": "#3", "cullface": "up"},
				"west": {"uv": [6, 6, 10, 6.25], "texture": "#3", "cullface": "up"},
				"up": {"uv": [6, 6, 10, 6.5], "rotation": 90, "texture": "#3", "cullface": "up"}
			}
		},
		{
			"from": [6, 16, 9.5],
			"to": [10, 16.25, 10],
			"rotation": {"angle": 0, "axis": "y", "origin": [-1, 16, 8]},
			"faces": {
				"north": {"uv": [6, 6, 10, 6.25], "texture": "#3", "cullface": "up"},
				"south": {"uv": [6, 6, 10, 6.25], "rotation": 180, "texture": "#3", "cullface": "up"},
				"up": {"uv": [6, 6, 10, 6.5], "rotation": 180, "texture": "#3", "cullface": "up"}
			}
		},
		{
			"from": [6, 16, 6],
			"to": [10, 16.25, 6.5],
			"rotation": {"angle": 0, "axis": "y", "origin": [-1, 16, 8]},
			"faces": {
				"north": {"uv": [6, 6, 10, 6.25], "texture": "#3", "cullface": "up"},
				"south": {"uv": [6, 6, 10, 6.25], "rotation": 180, "texture": "#3", "cullface": "up"},
				"up": {"uv": [6, 6, 10, 6.5], "rotation": 180, "texture": "#3", "cullface": "up"}
			}
		},
		{
			"from": [15.5, 16, 0],
			"to": [16, 16.25, 16],
			"rotation": {"angle": 0, "axis": "y", "origin": [-1, 16, 8]},
			"faces": {
				"north": {"uv": [0.5, 15.5, 1, 15.75], "rotation": 180, "texture": "#3", "cullface": "up"},
				"east": {"uv": [0, 0, 0.25, 16], "rotation": 90, "texture": "#3", "cullface": "up"},
				"south": {"uv": [0.5, 15.5, 1, 15.75], "texture": "#3", "cullface": "up"},
				"west": {"uv": [0, 0, 0.25, 16], "rotation": 270, "texture": "#3", "cullface": "up"},
				"up": {"uv": [0, 0, 0.5, 16], "texture": "#3", "cullface": "up"}
			}
		},
		{
			"from": [0, 16, 0],
			"to": [0.5, 16.25, 16],
			"rotation": {"angle": 0, "axis": "y", "origin": [-1, 16, 8]},
			"faces": {
				"north": {"uv": [0.5, 15.5, 1, 15.75], "rotation": 180, "texture": "#3", "cullface": "up"},
				"east": {"uv": [0, 0, 0.25, 16], "rotation": 90, "texture": "#3", "cullface": "up"},
				"south": {"uv": [0.5, 15.5, 1, 15.75], "texture": "#3", "cullface": "up"},
				"west": {"uv": [0, 0, 0.25, 16], "rotation": 270, "texture": "#3", "cullface": "up"},
				"up": {"uv": [0, 0, 0.5, 16], "texture": "#3", "cullface": "up"}
			}
		},
		{
			"from": [0, 4.5, -0.25],
			"to": [16, 8, 0],
			"rotation": {"angle": 0, "axis": "y", "origin": [-1, 16, 8]},
			"faces": {
				"north": {"uv": [0, 8, 16, 11.5], "texture": "#0", "cullface": "north"},
				"east": {"uv": [0, 8, 0.25, 11.5], "texture": "#0", "cullface": "north"},
				"west": {"uv": [15.5, 8, 15.75, 11.5], "texture": "#0", "cullface": "north"},
				"up": {"uv": [0, 8, 16, 8.25], "rotation": 180, "texture": "#0", "cullface": "north"},
				"down": {"uv": [0, 11, 16, 11.25], "rotation": 180, "texture": "#0", "cullface": "north"}
			}
		},
		{
			"from": [10.5, 0.5, -0.5],
			"to": [11, 4, 0],
			"faces": {
				"north": {"uv": [5, 12, 5.5, 15.5], "texture": "#0", "cullface": "north"},
				"east": {"uv": [5, 12, 5.5, 15.5], "texture": "#0", "cullface": "north"},
				"west": {"uv": [5, 12, 5.5, 15.5], "texture": "#0", "cullface": "north"},
				"down": {"uv": [5, 15, 5.5, 15.5], "rotation": 180, "texture": "#0", "cullface": "north"}
			}
		},
		{
			"from": [1.5, 8.5, -0.5],
			"to": [2, 12, 0],
			"rotation": {"angle": 0, "axis": "y", "origin": [-1, 16, 8]},
			"faces": {
				"north": {"uv": [14, 4, 14.5, 7.5], "texture": "#0", "cullface": "north"},
				"east": {"uv": [14, 4, 14.5, 7.5], "texture": "#0", "cullface": "north"},
				"west": {"uv": [14, 4, 14.5, 7.5], "texture": "#0", "cullface": "north"},
				"down": {"uv": [14, 7, 14.5, 7.5], "rotation": 180, "texture": "#0", "cullface": "north"}
			}
		},
		{
			"from": [14, 0.5, -0.5],
			"to": [14.5, 4, 0],
			"faces": {
				"north": {"uv": [1.5, 12, 2, 15.5], "texture": "#0", "cullface": "north"},
				"east": {"uv": [1.5, 12, 2, 15.5], "texture": "#0", "cullface": "north"},
				"west": {"uv": [1.5, 12, 2, 15.5], "texture": "#0", "cullface": "north"},
				"down": {"uv": [1.5, 15, 2, 15.5], "rotation": 180, "texture": "#0", "cullface": "north"}
			}
		},
		{
			"from": [5, 8.5, -0.5],
			"to": [5.5, 12, 0],
			"rotation": {"angle": 0, "axis": "y", "origin": [-1, 16, 8]},
			"faces": {
				"north": {"uv": [10.5, 4, 11, 7.5], "texture": "#0", "cullface": "north"},
				"east": {"uv": [10.5, 4, 11, 7.5], "texture": "#0", "cullface": "north"},
				"west": {"uv": [10.5, 4, 11, 7.5], "texture": "#0", "cullface": "north"},
				"down": {"uv": [10.5, 7, 11, 7.5], "rotation": 180, "texture": "#0", "cullface": "north"}
			}
		}
	]
}