{
	"credit": "Made with Blockbench by Juknum",
	"ambientocclusion": false,
	"parent":"block/block",
	"textures": {
		"0": "block/beehive_end",
		"1": "block/beehive_front",
		"2": "block/beehive_front_honey",
		"3": "block/beehive_side",
		"4": "block/beehive_end",
		"particle": "block/beehive_end"
	},
	"elements": [
		{
			"from": [0, 12, 0],
			"to": [16, 16, 16],
			"faces": {
				"north": {"uv": [0, 0, 16, 4], "texture": "#1"},
				"east": {"uv": [0, 0, 16, 4], "texture": "#3"},
				"south": {"uv": [0, 0, 16, 4], "texture": "#3"},
				"west": {"uv": [0, 0, 16, 4], "texture": "#3"},
				"up": {"uv": [0, 0, 16, 16], "texture": "#4"},
				"down": {"uv": [0, 0, 16, 16], "texture": "#0"}
			}
		},
		{
			"from": [0.5, 0.5, 0.5],
			"to": [15.5, 4.5, 15.5],
			"faces": {
				"north": {"uv": [0.5, 11.5, 15.5, 15.5], "texture": "#1"},
				"east": {"uv": [0.5, 11.5, 15.5, 15.5], "texture": "#3"},
				"south": {"uv": [0.5, 11.5, 15.5, 15.5], "texture": "#3"},
				"west": {"uv": [0.5, 11.5, 15.5, 15.5], "texture": "#3"},
				"up": {"uv": [0.5, 11.5, 15.5, 12], "texture": "#1"}
			}
		},
		{
			"from": [0.5, 6.5, 0.5],
			"to": [15.5, 12, 15.5],
			"faces": {
				"north": {"uv": [0.5, 4, 15.5, 9.5], "texture": "#2"},
				"east": {"uv": [0.5, 4, 15.5, 9.5], "texture": "#3"},
				"south": {"uv": [0.5, 4, 15.5, 9.5], "texture": "#3"},
				"west": {"uv": [0.5, 4, 15.5, 9.5], "texture": "#3"},
				"down": {"uv": [0.5, 9, 15.5, 9.5], "texture": "#1"}
			}
		},
		{
			"from": [0.5, 4.5, 0.5],
			"to": [5, 6.5, 15.5],
			"faces": {
				"north": {"uv": [11, 9.5, 15.5, 11.5], "texture": "#1"},
				"east": {"uv": [11, 9.5, 11.5, 11.5], "texture": "#1"},
				"south": {"uv": [0.5, 9.5, 5, 11.5], "texture": "#3"},
				"west": {"uv": [0.5, 9.5, 15.5, 11.5], "texture": "#3"}
			}
		},
		{
			"from": [11, 4.5, 0.5],
			"to": [15.5, 6.5, 15.5],
			"faces": {
				"north": {"uv": [0.5, 9.5, 5, 11.5], "texture": "#1"},
				"east": {"uv": [0.5, 9.5, 15.5, 11.5], "texture": "#3"},
				"south": {"uv": [11, 9.5, 15.5, 11.5], "texture": "#3"},
				"west": {"uv": [4.5, 9.5, 5, 11.5], "texture": "#1"}
			}
		},
		{
			"from": [5, 4.5, 1],
			"to": [11, 6.5, 15.5],
			"faces": {
				"north": {"uv": [5, 9.5, 11, 11.5], "texture": "#1"},
				"south": {"uv": [5, 9.5, 11, 11.5], "texture": "#3"}
			}
		},
		{
			"from": [0, 0, 0],
			"to": [16, 0.5, 16],
			"faces": {
				"north": {"uv": [0, 15.5, 16, 16], "texture": "#1"},
				"east": {"uv": [0, 15.5, 16, 16], "texture": "#3"},
				"south": {"uv": [0, 15.5, 16, 16], "texture": "#3"},
				"west": {"uv": [0, 15.5, 16, 16], "texture": "#3"},
				"up": {"uv": [0, 0, 16, 16], "texture": "#0"},
				"down": {"uv": [0, 0, 16, 16], "texture": "#0"}
			}
		},
		{
			"from": [5, 4.5, 0.5],
			"to": [6, 5, 1],
			"faces": {
				"north": {"uv": [10, 11, 11, 11.5], "texture": "#1"},
				"east": {"uv": [10, 11, 10.5, 11.5], "texture": "#1"},
				"up": {"uv": [10, 11, 11, 11.5], "texture": "#1"}
			}
		},
		{
			"from": [5, 6, 0.5],
			"to": [6, 6.5, 1],
			"faces": {
				"north": {"uv": [10, 11, 11, 11.5], "texture": "#1"},
				"east": {"uv": [10, 11, 10.5, 11.5], "texture": "#1"},
				"down": {"uv": [0, 0, 0, 0], "texture": "#1"}
			}
		},
		{
			"from": [10, 5, 0.75],
			"to": [11, 6, 1],
			"faces": {
				"north": {"uv": [5, 10, 6, 11], "texture": "#2"}
			}
		},
		{
			"from": [5, 5, 0.5],
			"to": [6, 6, 1],
			"faces": {
				"north": {"uv": [10, 10, 11, 11], "texture": "#2"}
			}
		},
		{
			"from": [7, 6, 0.75],
			"to": [10, 6.5, 1],
			"faces": {
				"north": {"uv": [6, 9.5, 9, 10], "texture": "#2"}
			}
		},
		{
			"from": [6, 4.5, 0.5],
			"to": [10, 6, 1],
			"faces": {
				"north": {"uv": [6, 10, 10, 11.5], "texture": "#2"},
				"east": {"uv": [6, 10, 6.5, 11.5], "texture": "#2"},
				"west": {"uv": [9.5, 10, 10, 11.5], "texture": "#2"},
				"up": {"uv": [6, 10, 10, 10.5], "texture": "#2"}
			}
		},
		{
			"from": [6, 6, 0.5],
			"to": [7, 6.5, 1],
			"faces": {
				"north": {"uv": [9, 9.5, 10, 10], "texture": "#2"},
				"east": {"uv": [9, 9.5, 9.5, 10], "texture": "#2"}
			}
		},
		{
			"from": [6, 4, 0.25],
			"to": [8, 5, 0.5],
			"faces": {
				"north": {"uv": [8, 11, 10, 12], "texture": "#2"},
				"east": {"uv": [8, 11, 8.25, 12], "texture": "#2"},
				"west": {"uv": [9.5, 11, 9.75, 12], "texture": "#2"},
				"up": {"uv": [8, 11.5, 10, 11.75], "rotation": 180, "texture": "#2"},
				"down": {"uv": [8, 11.5, 10, 11.75], "rotation": 180, "texture": "#2"}
			}
		},
		{
			"from": [6, 3, 0.25],
			"to": [7.5, 4, 0.5],
			"faces": {
				"north": {"uv": [8.5, 12, 10, 13], "texture": "#2"},
				"east": {"uv": [8.5, 12, 8.75, 13], "texture": "#2"},
				"west": {"uv": [9.5, 12, 9.75, 13], "texture": "#2"},
				"down": {"uv": [8.5, 12.5, 10, 12.75], "rotation": 180, "texture": "#2"}
			}
		},
		{
			"from": [10, 4.5, 0.5],
			"to": [11, 5, 1],
			"faces": {
				"north": {"uv": [10, 11, 11, 11.5], "texture": "#1"},
				"west": {"uv": [5.5, 11, 6, 11.5], "texture": "#1"},
				"up": {"uv": [10, 11, 11, 11.5], "texture": "#1"}
			}
		},
		{
			"from": [10, 6, 0.5],
			"to": [11, 6.5, 1],
			"faces": {
				"north": {"uv": [10, 11, 11, 11.5], "texture": "#1"},
				"west": {"uv": [5.5, 11, 6, 11.5], "texture": "#1"},
				"down": {"uv": [5, 9.5, 6, 10], "texture": "#1"}
			}
		},
		{
			"from": [1, 11.5, 0.25],
			"to": [15, 12, 0.5],
			"faces": {
				"north": {"uv": [1, 4, 15, 4.5], "texture": "#2"},
				"east": {"uv": [1, 4, 1.25, 4.5], "texture": "#2"},
				"west": {"uv": [14.5, 4, 14.75, 4.5], "texture": "#2"},
				"down": {"uv": [1, 4, 15, 4.25], "rotation": 180, "texture": "#2"}
			}
		},
		{
			"from": [1.5, 11, 0.25],
			"to": [7.5, 11.5, 0.5],
			"faces": {
				"north": {"uv": [8.5, 4.5, 14.5, 5], "texture": "#2"},
				"east": {"uv": [8.5, 4.5, 8.75, 5], "texture": "#2"},
				"west": {"uv": [14, 4.5, 14.25, 5], "texture": "#2"},
				"down": {"uv": [8.5, 4.5, 14.5, 4.75], "rotation": 180, "texture": "#2"}
			}
		},
		{
			"from": [8.5, 11, 0.25],
			"to": [10, 11.5, 0.5],
			"faces": {
				"north": {"uv": [6, 4.5, 7.5, 5], "texture": "#2"},
				"east": {"uv": [6, 4.5, 6.25, 5], "texture": "#2"},
				"west": {"uv": [7, 4.5, 7.25, 5], "texture": "#2"},
				"down": {"uv": [6, 4.5, 7.5, 4.75], "rotation": 180, "texture": "#2"}
			}
		},
		{
			"from": [2, 10.5, 0.25],
			"to": [3.5, 11, 0.5],
			"faces": {
				"north": {"uv": [12.5, 5, 14, 5.5], "texture": "#2"},
				"east": {"uv": [12.5, 5, 12.75, 5.5], "texture": "#2"},
				"west": {"uv": [13.5, 5, 13.75, 5.5], "texture": "#2"},
				"down": {"uv": [12.5, 5, 14, 5.25], "rotation": 180, "texture": "#2"}
			}
		},
		{
			"from": [9, 10, 0.25],
			"to": [9.5, 10.5, 0.5],
			"faces": {
				"north": {"uv": [6.5, 5.5, 7, 6], "texture": "#2"},
				"east": {"uv": [6.5, 5.5, 6.75, 6], "texture": "#2"},
				"west": {"uv": [6.5, 5.5, 6.75, 6], "texture": "#2"},
				"down": {"uv": [6.5, 5.5, 7, 5.75], "rotation": 180, "texture": "#2"}
			}
		},
		{
			"from": [9, 10.5, 0.25],
			"to": [10, 11, 0.5],
			"faces": {
				"north": {"uv": [6, 5, 7, 5.5], "texture": "#2"},
				"east": {"uv": [6, 5, 6.25, 5.5], "texture": "#2"},
				"west": {"uv": [6.5, 5, 6.75, 5.5], "texture": "#2"},
				"down": {"uv": [6, 5, 7, 5.25], "rotation": 180, "texture": "#2"}
			}
		},
		{
			"from": [5, 10.5, 0.25],
			"to": [6, 11, 0.5],
			"faces": {
				"north": {"uv": [10, 5, 11, 5.5], "texture": "#2"},
				"east": {"uv": [10, 5, 10.25, 5.5], "texture": "#2"},
				"west": {"uv": [10.5, 5, 10.75, 5.5], "texture": "#2"},
				"down": {"uv": [10, 5, 11, 5.25], "rotation": 180, "texture": "#2"}
			}
		},
		{
			"from": [2, 10, 0.25],
			"to": [3, 10.5, 0.5],
			"faces": {
				"north": {"uv": [13, 5.5, 14, 6], "texture": "#2"},
				"east": {"uv": [13.5, 5.5, 13.75, 6], "texture": "#2"},
				"west": {"uv": [13, 5.5, 13.25, 6], "texture": "#2"},
				"down": {"uv": [13, 5.5, 14, 5.75], "rotation": 180, "texture": "#2"}
			}
		},
		{
			"from": [2.5, 9, 0.25],
			"to": [3, 10, 0.5],
			"faces": {
				"north": {"uv": [13, 6, 13.5, 7], "texture": "#2"},
				"east": {"uv": [13, 6, 13.25, 6.5], "texture": "#2"},
				"west": {"uv": [13, 6, 13.25, 6.5], "texture": "#2"},
				"down": {"uv": [13, 6.5, 13.5, 6.75], "rotation": 180, "texture": "#2"}
			}
		},
		{
			"from": [6.5, 2, 0.25],
			"to": [7, 3, 0.5],
			"faces": {
				"north": {"uv": [9, 13, 9.5, 14], "texture": "#2"},
				"east": {"uv": [9, 13, 9.25, 13.5], "texture": "#2"},
				"west": {"uv": [9, 13, 9.25, 13.5], "texture": "#2"},
				"down": {"uv": [9, 13.5, 9.5, 13.75], "rotation": 180, "texture": "#2"}
			}
		},
		{
			"from": [5, 10, 0.25],
			"to": [5.5, 10.5, 0.5],
			"faces": {
				"north": {"uv": [10.5, 5.5, 11, 6], "texture": "#2"},
				"east": {"uv": [10.5, 5.5, 10.75, 6], "texture": "#2"},
				"west": {"uv": [10.5, 5.5, 10.75, 6], "texture": "#2"},
				"down": {"uv": [10.5, 5.5, 11, 5.75], "rotation": 180, "texture": "#2"}
			}
		},
		{
			"from": [11.5, 11, 0.25],
			"to": [13.5, 11.5, 0.5],
			"faces": {
				"north": {"uv": [2.5, 4.5, 4.5, 5], "texture": "#2"},
				"east": {"uv": [2.5, 4.5, 2.75, 5], "texture": "#2"},
				"west": {"uv": [4, 4.5, 4.25, 5], "texture": "#2"},
				"down": {"uv": [2.5, 4.5, 4.5, 4.75], "rotation": 180, "texture": "#2"}
			}
		},
		{
			"from": [12.5, 10, 0.25],
			"to": [13, 11, 0.5],
			"faces": {
				"north": {"uv": [3, 5, 3.5, 6], "texture": "#2"},
				"east": {"uv": [3, 5, 3.25, 6], "texture": "#2"},
				"west": {"uv": [3, 5, 3.25, 6], "texture": "#2"},
				"down": {"uv": [3, 5.5, 3.5, 5.75], "rotation": 180, "texture": "#2"}
			}
		},
		{
			"from": [0, 0.5, 0],
			"to": [0.5, 12, 0.5],
			"faces": {
				"north": {"uv": [15.5, 4, 16, 15.5], "texture": "#1"},
				"east": {"uv": [15.5, 4, 16, 15.5], "texture": "#3"},
				"south": {"uv": [0, 4, 0.5, 15.5], "texture": "#3"},
				"west": {"uv": [0, 4, 0.5, 15.5], "texture": "#3"}
			}
		},
		{
			"from": [15.5, 0.5, 15.5],
			"to": [16, 12, 16],
			"faces": {
				"north": {"uv": [15.5, 4, 16, 15.5], "texture": "#1"},
				"east": {"uv": [15.5, 4, 16, 15.5], "texture": "#3"},
				"south": {"uv": [0, 4, 0.5, 15.5], "texture": "#3"},
				"west": {"uv": [0, 4, 0.5, 15.5], "texture": "#3"}
			}
		},
		{
			"from": [15.5, 0.5, 0],
			"to": [16, 12, 0.5],
			"faces": {
				"north": {"uv": [0, 4, 0.5, 15.5], "texture": "#1"},
				"east": {"uv": [0, 4, 0.5, 15.5], "texture": "#3"},
				"south": {"uv": [15.5, 4, 16, 15.5], "texture": "#3"},
				"west": {"uv": [15.5, 4, 16, 15.5], "texture": "#3"}
			}
		},
		{
			"from": [0, 0.5, 15.5],
			"to": [0.5, 12, 16],
			"faces": {
				"north": {"uv": [0, 4, 0.5, 15.5], "texture": "#1"},
				"east": {"uv": [0, 4, 0.5, 15.5], "texture": "#3"},
				"south": {"uv": [15.5, 4, 16, 15.5], "texture": "#3"},
				"west": {"uv": [15.5, 4, 16, 15.5], "texture": "#3"}
			}
		}
	]
}