{
	"credit": "Made with Blockbench by Juknum",
	"ambientocclusion": false,
	"parent":"block/block",
	"textures": {
		"0": "block/beehive_end",
		"1": "block/beehive_front",
		"3": "block/beehive_side",
		"4": "block/beehive_end",
		"particle": "block/beehive_end"
	},
	"elements": [
		{
			"from": [0, 12, 0],
			"to": [16, 16, 16],
			"faces": {
				"north": {"uv": [0, 0, 16, 4], "texture": "#1"},
				"east": {"uv": [0, 0, 16, 4], "texture": "#3"},
				"south": {"uv": [0, 0, 16, 4], "texture": "#3"},
				"west": {"uv": [0, 0, 16, 4], "texture": "#3"},
				"up": {"uv": [0, 0, 16, 16], "texture": "#4"},
				"down": {"uv": [0, 0, 16, 16], "texture": "#0"}
			}
		},
		{
			"from": [0.5, 0.5, 0.5],
			"to": [15.5, 4.5, 15.5],
			"faces": {
				"north": {"uv": [0.5, 11.5, 15.5, 15.5], "texture": "#1"},
				"east": {"uv": [0.5, 11.5, 15.5, 15.5], "texture": "#3"},
				"south": {"uv": [0.5, 11.5, 15.5, 15.5], "texture": "#3"},
				"west": {"uv": [0.5, 11.5, 15.5, 15.5], "texture": "#3"},
				"up": {"uv": [0.5, 11.5, 15.5, 12], "texture": "#1"}
			}
		},
		{
			"from": [0.5, 6.5, 0.5],
			"to": [15.5, 12, 15.5],
			"faces": {
				"north": {"uv": [0.5, 4, 15.5, 9.5], "texture": "#1"},
				"east": {"uv": [0.5, 4, 15.5, 9.5], "texture": "#3"},
				"south": {"uv": [0.5, 4, 15.5, 9.5], "texture": "#3"},
				"west": {"uv": [0.5, 4, 15.5, 9.5], "texture": "#3"},
				"down": {"uv": [0.5, 9, 15.5, 9.5], "texture": "#1"}
			}
		},
		{
			"from": [0.5, 4.5, 0.5],
			"to": [5, 6.5, 15.5],
			"faces": {
				"north": {"uv": [11, 9.5, 15.5, 11.5], "texture": "#1"},
				"east": {"uv": [11, 9.5, 11.5, 11.5], "texture": "#1"},
				"south": {"uv": [0.5, 9.5, 5, 11.5], "texture": "#3"},
				"west": {"uv": [0.5, 9.5, 15.5, 11.5], "texture": "#3"}
			}
		},
		{
			"from": [11, 4.5, 0.5],
			"to": [15.5, 6.5, 15.5],
			"faces": {
				"north": {"uv": [0.5, 9.5, 5, 11.5], "texture": "#1"},
				"east": {"uv": [0.5, 9.5, 15.5, 11.5], "texture": "#3"},
				"south": {"uv": [11, 9.5, 15.5, 11.5], "texture": "#3"},
				"west": {"uv": [4.5, 9.5, 5, 11.5], "texture": "#1"}
			}
		},
		{
			"from": [5, 4.5, 1],
			"to": [11, 6.5, 15.5],
			"faces": {
				"north": {"uv": [5, 9.5, 11, 11.5], "texture": "#1"},
				"south": {"uv": [5, 9.5, 11, 11.5], "texture": "#3"}
			}
		},
		{
			"from": [0, 0, 0],
			"to": [16, 0.5, 16],
			"faces": {
				"north": {"uv": [0, 15.5, 16, 16], "texture": "#1"},
				"east": {"uv": [0, 15.5, 16, 16], "texture": "#3"},
				"south": {"uv": [0, 15.5, 16, 16], "texture": "#3"},
				"west": {"uv": [0, 15.5, 16, 16], "texture": "#3"},
				"up": {"uv": [0, 0, 16, 16], "texture": "#0"},
				"down": {"uv": [0, 0, 16, 16], "texture": "#0"}
			}
		},
		{
			"from": [5, 4.5, 0.5],
			"to": [6, 5, 1],
			"faces": {
				"north": {"uv": [10, 11, 11, 11.5], "texture": "#1"},
				"east": {"uv": [10, 11, 10.5, 11.5], "texture": "#1"},
				"up": {"uv": [10, 11, 11, 11.5], "texture": "#1"}
			}
		},
		{
			"from": [5, 6, 0.5],
			"to": [6, 6.5, 1],
			"faces": {
				"north": {"uv": [10, 11, 11, 11.5], "texture": "#1"},
				"east": {"uv": [10, 11, 10.5, 11.5], "texture": "#1"},
				"down": {"uv": [0, 0, 0, 0], "texture": "#1"}
			}
		},
		{
			"from": [10, 4.5, 0.5],
			"to": [11, 5, 1],
			"faces": {
				"north": {"uv": [10, 11, 11, 11.5], "texture": "#1"},
				"west": {"uv": [5.5, 11, 6, 11.5], "texture": "#1"},
				"up": {"uv": [10, 11, 11, 11.5], "texture": "#1"}
			}
		},
		{
			"from": [10, 6, 0.5],
			"to": [11, 6.5, 1],
			"faces": {
				"north": {"uv": [10, 11, 11, 11.5], "texture": "#1"},
				"west": {"uv": [5.5, 11, 6, 11.5], "texture": "#1"},
				"down": {"uv": [5, 9.5, 6, 10], "texture": "#1"}
			}
		},
		{
			"from": [0, 0.5, 0],
			"to": [0.5, 12, 0.5],
			"faces": {
				"north": {"uv": [15.5, 4, 16, 15.5], "texture": "#1"},
				"east": {"uv": [15.5, 4, 16, 15.5], "texture": "#3"},
				"south": {"uv": [0, 4, 0.5, 15.5], "texture": "#3"},
				"west": {"uv": [0, 4, 0.5, 15.5], "texture": "#3"}
			}
		},
		{
			"from": [15.5, 0.5, 15.5],
			"to": [16, 12, 16],
			"faces": {
				"north": {"uv": [15.5, 4, 16, 15.5], "texture": "#1"},
				"east": {"uv": [15.5, 4, 16, 15.5], "texture": "#3"},
				"south": {"uv": [0, 4, 0.5, 15.5], "texture": "#3"},
				"west": {"uv": [0, 4, 0.5, 15.5], "texture": "#3"}
			}
		},
		{
			"from": [15.5, 0.5, 0],
			"to": [16, 12, 0.5],
			"faces": {
				"north": {"uv": [0, 4, 0.5, 15.5], "texture": "#1"},
				"east": {"uv": [0, 4, 0.5, 15.5], "texture": "#3"},
				"south": {"uv": [15.5, 4, 16, 15.5], "texture": "#3"},
				"west": {"uv": [15.5, 4, 16, 15.5], "texture": "#3"}
			}
		},
		{
			"from": [0, 0.5, 15.5],
			"to": [0.5, 12, 16],
			"faces": {
				"north": {"uv": [0, 4, 0.5, 15.5], "texture": "#1"},
				"east": {"uv": [0, 4, 0.5, 15.5], "texture": "#3"},
				"south": {"uv": [15.5, 4, 16, 15.5], "texture": "#3"},
				"west": {"uv": [15.5, 4, 16, 15.5], "texture": "#3"}
			}
		}
	]
}