{
	"credit": "Made with Blockbench by Juknum",
	"parent":"block/block",
	"ambientocclusion": false,
	"textures": {
		"end_portal_frame_top": "block/end_portal_frame_top",
		"end_portal_frame_side": "block/end_portal_frame_side",
		"particle": "block/end_portal_frame_side",
		"endstone": "block/end_stone"
	},
	"elements": [
		{
			"from": [0, 0, 0],
			"to": [16, 12, 16],
			"faces": {
				"north": {"uv": [0, 4, 16, 16], "texture": "#end_portal_frame_side"},
				"east": {"uv": [0, 4, 16, 16], "texture": "#end_portal_frame_side"},
				"south": {"uv": [0, 4, 16, 16], "texture": "#end_portal_frame_side"},
				"west": {"uv": [0, 4, 16, 16], "texture": "#end_portal_frame_side"},
				"up": {"uv": [0, 0, 16, 16], "texture": "#end_portal_frame_top"},
				"down": {"uv": [0, 0, 16, 16], "texture": "#endstone"}
			}
		},
		{
			"from": [0, 12, 0],
			"to": [4, 13, 16],
			"faces": {
				"north": {"uv": [12, 3, 16, 4], "texture": "#end_portal_frame_side"},
				"east": {"uv": [0, 3, 16, 4], "texture": "#end_portal_frame_side"},
				"south": {"uv": [0, 3, 4, 4], "texture": "#end_portal_frame_side"},
				"west": {"uv": [0, 3, 16, 4], "texture": "#end_portal_frame_side"},
				"up": {"uv": [0, 0, 4, 16], "texture": "#end_portal_frame_top"}
			}
		},
		{
			"from": [12, 12, 0],
			"to": [16, 13, 16],
			"faces": {
				"north": {"uv": [0, 3, 4, 4], "texture": "#end_portal_frame_side"},
				"east": {"uv": [0, 3, 16, 4], "texture": "#end_portal_frame_side"},
				"south": {"uv": [12, 3, 16, 4], "texture": "#end_portal_frame_side"},
				"west": {"uv": [0, 3, 16, 4], "texture": "#end_portal_frame_side"},
				"up": {"uv": [12, 0, 16, 16], "texture": "#end_portal_frame_top"}
			}
		},
		{
			"from": [4, 12, 0],
			"to": [12, 13, 4],
			"faces": {
				"north": {"uv": [4, 3, 12, 4], "texture": "#end_portal_frame_side"},
				"south": {"uv": [4, 3, 12, 4], "texture": "#end_portal_frame_side"},
				"up": {"uv": [4, 0, 12, 4], "texture": "#end_portal_frame_top"}
			}
		},
		{
			"from": [4, 12, 12],
			"to": [12, 13, 16],
			"faces": {
				"north": {"uv": [4, 3, 12, 4], "texture": "#end_portal_frame_side"},
				"south": {"uv": [4, 3, 12, 4], "texture": "#end_portal_frame_side"},
				"up": {"uv": [4, 12, 12, 16], "texture": "#end_portal_frame_top"}
			}
		},
		{
			"from": [4, 12, 11],
			"to": [12, 12.5, 12],
			"faces": {
				"north": {"uv": [4, 3.5, 12, 4], "texture": "#end_portal_frame_side"},
				"up": {"uv": [4, 11, 12, 12], "texture": "#end_portal_frame_top"},
				"down": {"uv": [4, 4, 12, 5], "texture": "#endstone"}
			}
		},
		{
			"from": [2, 11, 16],
			"to": [14, 12, 16.25],
			"faces": {
				"east": {"uv": [13.5, 4, 14, 5], "texture": "#end_portal_frame_side"},
				"south": {"uv": [2, 4, 14, 5], "texture": "#end_portal_frame_side"},
				"west": {"uv": [2, 4, 2.5, 5], "texture": "#end_portal_frame_side"},
				"up": {"uv": [2, 4, 14, 4.5], "texture": "#end_portal_frame_side"},
				"down": {"uv": [2, 4.5, 14, 5], "texture": "#end_portal_frame_side"}
			}
		},
		{
			"from": [16, 11, 2],
			"to": [16.25, 12, 14],
			"faces": {
				"north": {"uv": [13.5, 4, 14, 5], "texture": "#end_portal_frame_side"},
				"east": {"uv": [2, 4, 14, 5], "texture": "#end_portal_frame_side"},
				"south": {"uv": [2, 4, 2.5, 5], "texture": "#end_portal_frame_side"},
				"up": {"uv": [2, 4, 14, 4.5], "rotation": 270, "texture": "#end_portal_frame_side"},
				"down": {"uv": [2, 4.5, 14, 5], "rotation": 90, "texture": "#end_portal_frame_side"}
			}
		},
		{
			"from": [2, 11, -0.25],
			"to": [14, 12, 0],
			"faces": {
				"north": {"uv": [2, 4, 14, 5], "texture": "#end_portal_frame_side"},
				"east": {"uv": [2, 4, 2.5, 5], "texture": "#end_portal_frame_side"},
				"west": {"uv": [13.5, 4, 14, 5], "texture": "#end_portal_frame_side"},
				"up": {"uv": [2, 4, 14, 4.5], "rotation": 180, "texture": "#end_portal_frame_side"},
				"down": {"uv": [2, 4.5, 14, 5], "rotation": 180, "texture": "#end_portal_frame_side"}
			}
		},
		{
			"from": [-0.25, 11, 2],
			"to": [0, 12, 14],
			"faces": {
				"north": {"uv": [2, 4, 2.5, 5], "texture": "#end_portal_frame_side"},
				"south": {"uv": [13.5, 4, 14, 5], "texture": "#end_portal_frame_side"},
				"west": {"uv": [2, 4, 14, 5], "texture": "#end_portal_frame_side"},
				"up": {"uv": [2, 4, 14, 4.5], "rotation": 90, "texture": "#end_portal_frame_side"},
				"down": {"uv": [2, 4.5, 14, 5], "rotation": 270, "texture": "#end_portal_frame_side"}
			}
		},
		{
			"from": [0, 8, 16],
			"to": [3, 8.5, 16.25],
			"faces": {
				"east": {"uv": [2.5, 7.5, 2.75, 8], "texture": "#end_portal_frame_side"},
				"south": {"uv": [0, 7.5, 3, 8], "texture": "#end_portal_frame_side"},
				"west": {"uv": [0, 7.5, 0.25, 8], "texture": "#end_portal_frame_side"},
				"up": {"uv": [0, 7.5, 3, 7.75], "texture": "#end_portal_frame_side"},
				"down": {"uv": [0, 7.5, 3, 7.75], "texture": "#end_portal_frame_side"}
			}
		},
		{
			"from": [16, 8, 13],
			"to": [16.25, 8.5, 16],
			"faces": {
				"north": {"uv": [2.5, 7.5, 2.75, 8], "texture": "#end_portal_frame_side"},
				"east": {"uv": [0, 7.5, 3, 8], "texture": "#end_portal_frame_side"},
				"south": {"uv": [0, 7.5, 0.25, 8], "texture": "#end_portal_frame_side"},
				"up": {"uv": [0, 7.5, 3, 7.75], "rotation": 270, "texture": "#end_portal_frame_side"},
				"down": {"uv": [0, 7.5, 3, 7.75], "rotation": 90, "texture": "#end_portal_frame_side"}
			}
		},
		{
			"from": [13, 8, -0.25],
			"to": [16, 8.5, 0],
			"faces": {
				"north": {"uv": [0, 7.5, 3, 8], "texture": "#end_portal_frame_side"},
				"east": {"uv": [0, 7.5, 0.25, 8], "texture": "#end_portal_frame_side"},
				"west": {"uv": [2.5, 7.5, 2.75, 8], "texture": "#end_portal_frame_side"},
				"up": {"uv": [0, 7.5, 3, 7.75], "rotation": 180, "texture": "#end_portal_frame_side"},
				"down": {"uv": [0, 7.5, 3, 7.75], "rotation": 180, "texture": "#end_portal_frame_side"}
			}
		},
		{
			"from": [-0.25, 8, 0],
			"to": [0, 8.5, 3],
			"faces": {
				"north": {"uv": [0, 7.5, 0.25, 8], "texture": "#end_portal_frame_side"},
				"south": {"uv": [2.5, 7.5, 2.75, 8], "texture": "#end_portal_frame_side"},
				"west": {"uv": [0, 7.5, 3, 8], "texture": "#end_portal_frame_side"},
				"up": {"uv": [0, 7.5, 3, 7.75], "rotation": 90, "texture": "#end_portal_frame_side"},
				"down": {"uv": [0, 7.5, 3, 7.75], "rotation": 270, "texture": "#end_portal_frame_side"}
			}
		},
		{
			"from": [13, 8, 16],
			"to": [16, 8.5, 16.25],
			"rotation": {"angle": 0, "axis": "x", "origin": [19, 8, 8]},
			"faces": {
				"east": {"uv": [2.5, 7.5, 2.75, 8], "texture": "#end_portal_frame_side"},
				"south": {"uv": [13, 7.5, 16, 8], "texture": "#end_portal_frame_side"},
				"west": {"uv": [0, 7.5, 0.25, 8], "texture": "#end_portal_frame_side"},
				"up": {"uv": [0, 7.5, 3, 7.75], "texture": "#end_portal_frame_side"},
				"down": {"uv": [13, 7.5, 16, 7.75], "texture": "#end_portal_frame_side"}
			}
		},
		{
			"from": [16, 8, 0],
			"to": [16.25, 8.5, 3],
			"faces": {
				"north": {"uv": [2.5, 7.5, 2.75, 8], "texture": "#end_portal_frame_side"},
				"east": {"uv": [13, 7.5, 16, 8], "texture": "#end_portal_frame_side"},
				"south": {"uv": [0, 7.5, 0.25, 8], "texture": "#end_portal_frame_side"},
				"up": {"uv": [0, 7.5, 3, 7.75], "rotation": 270, "texture": "#end_portal_frame_side"},
				"down": {"uv": [13, 7.5, 16, 7.75], "rotation": 90, "texture": "#end_portal_frame_side"}
			}
		},
		{
			"from": [0, 8, -0.25],
			"to": [3, 8.5, 0],
			"faces": {
				"north": {"uv": [13, 7.5, 16, 8], "texture": "#end_portal_frame_side"},
				"east": {"uv": [0, 7.5, 0.25, 8], "texture": "#end_portal_frame_side"},
				"west": {"uv": [2.5, 7.5, 2.75, 8], "texture": "#end_portal_frame_side"},
				"up": {"uv": [0, 7.5, 3, 7.75], "rotation": 180, "texture": "#end_portal_frame_side"},
				"down": {"uv": [13, 7.5, 16, 7.75], "rotation": 180, "texture": "#end_portal_frame_side"}
			}
		},
		{
			"from": [-0.25, 8, 13],
			"to": [0, 8.5, 16],
			"faces": {
				"north": {"uv": [0, 7.5, 0.25, 8], "texture": "#end_portal_frame_side"},
				"south": {"uv": [2.5, 7.5, 2.75, 8], "texture": "#end_portal_frame_side"},
				"west": {"uv": [13, 7.5, 16, 8], "texture": "#end_portal_frame_side"},
				"up": {"uv": [0, 7.5, 3, 7.75], "rotation": 90, "texture": "#end_portal_frame_side"},
				"down": {"uv": [13, 7.5, 16, 7.75], "rotation": 270, "texture": "#end_portal_frame_side"}
			}
		},
		{
			"from": [0, 8.5, 16],
			"to": [2.5, 9, 16.25],
			"faces": {
				"east": {"uv": [2, 7, 2.25, 7.5], "texture": "#end_portal_frame_side"},
				"south": {"uv": [0, 7, 2.5, 7.5], "texture": "#end_portal_frame_side"},
				"west": {"uv": [0, 7, 0.25, 7.5], "texture": "#end_portal_frame_side"},
				"up": {"uv": [0, 7.5, 3, 7.75], "texture": "#end_portal_frame_side"},
				"down": {"uv": [0, 7.5, 3, 7.75], "texture": "#end_portal_frame_side"}
			}
		},
		{
			"from": [16, 8.5, 13.5],
			"to": [16.25, 9, 16],
			"faces": {
				"north": {"uv": [2, 7, 2.25, 7.5], "texture": "#end_portal_frame_side"},
				"east": {"uv": [0, 7, 2.5, 7.5], "texture": "#end_portal_frame_side"},
				"south": {"uv": [0, 7, 0.25, 7.5], "texture": "#end_portal_frame_side"},
				"up": {"uv": [0, 7.5, 3, 7.75], "rotation": 270, "texture": "#end_portal_frame_side"},
				"down": {"uv": [0, 7.5, 3, 7.75], "rotation": 90, "texture": "#end_portal_frame_side"}
			}
		},
		{
			"from": [13.5, 8.5, -0.25],
			"to": [16, 9, 0],
			"faces": {
				"north": {"uv": [0, 7, 2.5, 7.5], "texture": "#end_portal_frame_side"},
				"east": {"uv": [0, 7, 0.25, 7.5], "texture": "#end_portal_frame_side"},
				"west": {"uv": [2, 7, 2.25, 7.5], "texture": "#end_portal_frame_side"},
				"up": {"uv": [0, 7.5, 3, 7.75], "rotation": 180, "texture": "#end_portal_frame_side"},
				"down": {"uv": [0, 7.5, 3, 7.75], "rotation": 180, "texture": "#end_portal_frame_side"}
			}
		},
		{
			"from": [-0.25, 8.5, 0],
			"to": [0, 9, 2.5],
			"faces": {
				"north": {"uv": [0, 7, 0.25, 7.5], "texture": "#end_portal_frame_side"},
				"south": {"uv": [2, 7, 2.25, 7.5], "texture": "#end_portal_frame_side"},
				"west": {"uv": [0, 7, 2.5, 7.5], "texture": "#end_portal_frame_side"},
				"up": {"uv": [0, 7.5, 3, 7.75], "rotation": 90, "texture": "#end_portal_frame_side"},
				"down": {"uv": [0, 7.5, 3, 7.75], "rotation": 270, "texture": "#end_portal_frame_side"}
			}
		},
		{
			"from": [13.5, 8.5, 16],
			"to": [16, 9, 16.25],
			"rotation": {"angle": 0, "axis": "x", "origin": [19, 8, 8]},
			"faces": {
				"east": {"uv": [2, 7, 2.25, 7.5], "texture": "#end_portal_frame_side"},
				"south": {"uv": [13.5, 7, 16, 7.5], "texture": "#end_portal_frame_side"},
				"west": {"uv": [0, 7, 0.25, 7.5], "texture": "#end_portal_frame_side"},
				"up": {"uv": [13, 7.5, 16, 7.75], "texture": "#end_portal_frame_side"},
				"down": {"uv": [0, 7.5, 3, 7.75], "texture": "#end_portal_frame_side"}
			}
		},
		{
			"from": [16, 8.5, 0],
			"to": [16.25, 9, 2.5],
			"faces": {
				"north": {"uv": [2, 7, 2.25, 7.5], "texture": "#end_portal_frame_side"},
				"east": {"uv": [13.5, 7, 16, 7.5], "texture": "#end_portal_frame_side"},
				"south": {"uv": [0, 7, 0.25, 7.5], "texture": "#end_portal_frame_side"},
				"up": {"uv": [13, 7.5, 16, 7.75], "rotation": 270, "texture": "#end_portal_frame_side"},
				"down": {"uv": [0, 7.5, 3, 7.75], "rotation": 90, "texture": "#end_portal_frame_side"}
			}
		},
		{
			"from": [0, 8.5, -0.25],
			"to": [2.5, 9, 0],
			"faces": {
				"north": {"uv": [13.5, 7, 16, 7.5], "texture": "#end_portal_frame_side"},
				"east": {"uv": [0, 7, 0.25, 7.5], "texture": "#end_portal_frame_side"},
				"west": {"uv": [2, 7, 2.25, 7.5], "texture": "#end_portal_frame_side"},
				"up": {"uv": [13, 7.5, 16, 7.75], "rotation": 180, "texture": "#end_portal_frame_side"},
				"down": {"uv": [0, 7.5, 3, 7.75], "rotation": 180, "texture": "#end_portal_frame_side"}
			}
		},
		{
			"from": [-0.25, 8.5, 13.5],
			"to": [0, 9, 16],
			"faces": {
				"north": {"uv": [0, 7, 0.25, 7.5], "texture": "#end_portal_frame_side"},
				"south": {"uv": [2, 7, 2.25, 7.5], "texture": "#end_portal_frame_side"},
				"west": {"uv": [13.5, 7, 16, 7.5], "texture": "#end_portal_frame_side"},
				"up": {"uv": [13, 7.5, 16, 7.75], "rotation": 90, "texture": "#end_portal_frame_side"},
				"down": {"uv": [0, 7.5, 3, 7.75], "rotation": 270, "texture": "#end_portal_frame_side"}
			}
		},
		{
			"from": [0.5, 9, 16],
			"to": [2, 10, 16.25],
			"faces": {
				"east": {"uv": [1.5, 6, 1.75, 7], "texture": "#end_portal_frame_side"},
				"south": {"uv": [0.5, 6, 2, 7], "texture": "#end_portal_frame_side"},
				"west": {"uv": [0.5, 6, 0.75, 7], "texture": "#end_portal_frame_side"},
				"up": {"uv": [0.5, 6, 2, 6.25], "texture": "#end_portal_frame_side"}
			}
		},
		{
			"from": [16, 9, 14],
			"to": [16.25, 10, 15.5],
			"faces": {
				"north": {"uv": [1.5, 6, 1.75, 7], "texture": "#end_portal_frame_side"},
				"east": {"uv": [0.5, 6, 2, 7], "texture": "#end_portal_frame_side"},
				"south": {"uv": [0.5, 6, 0.75, 7], "texture": "#end_portal_frame_side"},
				"up": {"uv": [0.5, 6, 2, 6.25], "rotation": 270, "texture": "#end_portal_frame_side"}
			}
		},
		{
			"from": [14, 9, -0.25],
			"to": [15.5, 10, 0],
			"faces": {
				"north": {"uv": [0.5, 6, 2, 7], "texture": "#end_portal_frame_side"},
				"east": {"uv": [0.5, 6, 0.75, 7], "texture": "#end_portal_frame_side"},
				"west": {"uv": [1.5, 6, 1.75, 7], "texture": "#end_portal_frame_side"},
				"up": {"uv": [0.5, 6, 2, 6.25], "rotation": 180, "texture": "#end_portal_frame_side"}
			}
		},
		{
			"from": [-0.25, 9, 0.5],
			"to": [0, 10, 2],
			"faces": {
				"north": {"uv": [0.5, 6, 0.75, 7], "texture": "#end_portal_frame_side"},
				"south": {"uv": [1.5, 6, 1.75, 7], "texture": "#end_portal_frame_side"},
				"west": {"uv": [0.5, 6, 2, 7], "texture": "#end_portal_frame_side"},
				"up": {"uv": [0.5, 6, 2, 6.25], "rotation": 90, "texture": "#end_portal_frame_side"}
			}
		},
		{
			"from": [14, 9, 16],
			"to": [15.5, 10, 16.25],
			"rotation": {"angle": 0, "axis": "x", "origin": [19, 8, 8]},
			"faces": {
				"east": {"uv": [1.5, 6, 1.75, 7], "texture": "#end_portal_frame_side"},
				"south": {"uv": [14, 6, 15.5, 7], "texture": "#end_portal_frame_side"},
				"west": {"uv": [0.5, 6, 0.75, 7], "texture": "#end_portal_frame_side"},
				"up": {"uv": [14, 6, 15.5, 6.25], "texture": "#end_portal_frame_side"}
			}
		},
		{
			"from": [16, 9, 0.5],
			"to": [16.25, 10, 2],
			"faces": {
				"north": {"uv": [1.5, 6, 1.75, 7], "texture": "#end_portal_frame_side"},
				"east": {"uv": [14, 6, 15.5, 7], "texture": "#end_portal_frame_side"},
				"south": {"uv": [0.5, 6, 0.75, 7], "texture": "#end_portal_frame_side"},
				"up": {"uv": [14, 6, 15.5, 6.25], "rotation": 270, "texture": "#end_portal_frame_side"}
			}
		},
		{
			"from": [0.5, 9, -0.25],
			"to": [2, 10, 0],
			"faces": {
				"north": {"uv": [14, 6, 15.5, 7], "texture": "#end_portal_frame_side"},
				"east": {"uv": [0.5, 6, 0.75, 7], "texture": "#end_portal_frame_side"},
				"west": {"uv": [1.5, 6, 1.75, 7], "texture": "#end_portal_frame_side"},
				"up": {"uv": [14, 6, 15.5, 6.25], "rotation": 180, "texture": "#end_portal_frame_side"}
			}
		},
		{
			"from": [-0.25, 9, 14],
			"to": [0, 10, 15.5],
			"faces": {
				"north": {"uv": [0.5, 6, 0.75, 7], "texture": "#end_portal_frame_side"},
				"south": {"uv": [1.5, 6, 1.75, 7], "texture": "#end_portal_frame_side"},
				"west": {"uv": [14, 6, 15.5, 7], "texture": "#end_portal_frame_side"},
				"up": {"uv": [14, 6, 15.5, 6.25], "rotation": 90, "texture": "#end_portal_frame_side"}
			}
		},
		{
			"from": [1, 10, 16],
			"to": [2.5, 11, 16.25],
			"faces": {
				"east": {"uv": [1.5, 6, 1.75, 7], "texture": "#end_portal_frame_side"},
				"south": {"uv": [0.5, 6, 2, 7], "texture": "#end_portal_frame_side"},
				"west": {"uv": [0.5, 6, 0.75, 7], "texture": "#end_portal_frame_side"},
				"up": {"uv": [0.5, 6, 2, 6.25], "texture": "#end_portal_frame_side"}
			}
		},
		{
			"from": [16, 10, 13.5],
			"to": [16.25, 11, 15],
			"faces": {
				"north": {"uv": [1.5, 6, 1.75, 7], "texture": "#end_portal_frame_side"},
				"east": {"uv": [0.5, 6, 2, 7], "texture": "#end_portal_frame_side"},
				"south": {"uv": [0.5, 6, 0.75, 7], "texture": "#end_portal_frame_side"},
				"up": {"uv": [0.5, 6, 2, 6.25], "rotation": 270, "texture": "#end_portal_frame_side"}
			}
		},
		{
			"from": [13.5, 10, -0.25],
			"to": [15, 11, 0],
			"faces": {
				"north": {"uv": [0.5, 6, 2, 7], "texture": "#end_portal_frame_side"},
				"east": {"uv": [0.5, 6, 0.75, 7], "texture": "#end_portal_frame_side"},
				"west": {"uv": [1.5, 6, 1.75, 7], "texture": "#end_portal_frame_side"},
				"up": {"uv": [0.5, 6, 2, 6.25], "rotation": 180, "texture": "#end_portal_frame_side"}
			}
		},
		{
			"from": [-0.25, 10, 1],
			"to": [0, 11, 2.5],
			"faces": {
				"north": {"uv": [0.5, 6, 0.75, 7], "texture": "#end_portal_frame_side"},
				"south": {"uv": [1.5, 6, 1.75, 7], "texture": "#end_portal_frame_side"},
				"west": {"uv": [0.5, 6, 2, 7], "texture": "#end_portal_frame_side"},
				"up": {"uv": [0.5, 6, 2, 6.25], "rotation": 90, "texture": "#end_portal_frame_side"}
			}
		},
		{
			"from": [13.5, 10, 16],
			"to": [15, 11, 16.25],
			"faces": {
				"east": {"uv": [14.5, 5, 14.75, 6], "texture": "#end_portal_frame_side"},
				"south": {"uv": [13.5, 5, 15, 6], "texture": "#end_portal_frame_side"},
				"west": {"uv": [13.5, 5, 13.75, 6], "texture": "#end_portal_frame_side"},
				"up": {"uv": [13.5, 5, 15, 5.25], "texture": "#end_portal_frame_side"}
			}
		},
		{
			"from": [16, 10, 1],
			"to": [16.25, 11, 2.5],
			"faces": {
				"north": {"uv": [14.5, 5, 14.75, 6], "texture": "#end_portal_frame_side"},
				"east": {"uv": [13.5, 5, 15, 6], "texture": "#end_portal_frame_side"},
				"south": {"uv": [13.5, 5, 13.75, 6], "texture": "#end_portal_frame_side"},
				"up": {"uv": [13.5, 5, 15, 5.25], "rotation": 270, "texture": "#end_portal_frame_side"}
			}
		},
		{
			"from": [1, 10, -0.25],
			"to": [2.5, 11, 0],
			"faces": {
				"north": {"uv": [13.5, 5, 15, 6], "texture": "#end_portal_frame_side"},
				"east": {"uv": [13.5, 5, 13.75, 6], "texture": "#end_portal_frame_side"},
				"west": {"uv": [14.5, 5, 14.75, 6], "texture": "#end_portal_frame_side"},
				"up": {"uv": [13.5, 5, 15, 5.25], "rotation": 180, "texture": "#end_portal_frame_side"}
			}
		},
		{
			"from": [-0.25, 10, 13.5],
			"to": [0, 11, 15],
			"faces": {
				"north": {"uv": [13.5, 5, 13.75, 6], "texture": "#end_portal_frame_side"},
				"south": {"uv": [14.5, 5, 14.75, 6], "texture": "#end_portal_frame_side"},
				"west": {"uv": [13.5, 5, 15, 6], "texture": "#end_portal_frame_side"},
				"up": {"uv": [13.5, 5, 15, 5.25], "rotation": 90, "texture": "#end_portal_frame_side"}
			}
		},
		{
			"from": [13, 10.5, 16],
			"to": [14.5, 11.5, 16.25],
			"faces": {
				"east": {"uv": [14.5, 5, 14.75, 6], "texture": "#end_portal_frame_side"},
				"south": {"uv": [13, 4.5, 14.5, 5.5], "texture": "#end_portal_frame_side"},
				"west": {"uv": [13, 4.5, 13.25, 5.5], "texture": "#end_portal_frame_side"},
				"up": {"uv": [13, 4.5, 14.5, 4.75], "texture": "#end_portal_frame_side"},
				"down": {"uv": [13, 5, 14.5, 5.25], "texture": "#end_portal_frame_side"}
			}
		},
		{
			"from": [16, 10.5, 1.5],
			"to": [16.25, 11.5, 3],
			"faces": {
				"north": {"uv": [14.5, 5, 14.75, 6], "texture": "#end_portal_frame_side"},
				"east": {"uv": [13, 4.5, 14.5, 5.5], "texture": "#end_portal_frame_side"},
				"south": {"uv": [13, 4.5, 13.25, 5.5], "texture": "#end_portal_frame_side"},
				"up": {"uv": [13, 4.5, 14.5, 4.75], "rotation": 270, "texture": "#end_portal_frame_side"},
				"down": {"uv": [13, 5, 14.5, 5.25], "rotation": 90, "texture": "#end_portal_frame_side"}
			}
		},
		{
			"from": [1.5, 10.5, -0.25],
			"to": [3, 11.5, 0],
			"faces": {
				"north": {"uv": [13, 4.5, 14.5, 5.5], "texture": "#end_portal_frame_side"},
				"east": {"uv": [13, 4.5, 13.25, 5.5], "texture": "#end_portal_frame_side"},
				"west": {"uv": [14.5, 5, 14.75, 6], "texture": "#end_portal_frame_side"},
				"up": {"uv": [13, 4.5, 14.5, 4.75], "rotation": 180, "texture": "#end_portal_frame_side"},
				"down": {"uv": [13, 5, 14.5, 5.25], "rotation": 180, "texture": "#end_portal_frame_side"}
			}
		},
		{
			"from": [-0.25, 10.5, 13],
			"to": [0, 11.5, 14.5],
			"faces": {
				"north": {"uv": [13, 4.5, 13.25, 5.5], "texture": "#end_portal_frame_side"},
				"south": {"uv": [14.5, 5, 14.75, 6], "texture": "#end_portal_frame_side"},
				"west": {"uv": [13, 4.5, 14.5, 5.5], "texture": "#end_portal_frame_side"},
				"up": {"uv": [13, 4.5, 14.5, 4.75], "rotation": 90, "texture": "#end_portal_frame_side"},
				"down": {"uv": [13, 5, 14.5, 5.25], "rotation": 270, "texture": "#end_portal_frame_side"}
			}
		},
		{
			"from": [1.5, 10.5, 16],
			"to": [3, 11.5, 16.25],
			"faces": {
				"east": {"uv": [1.5, 6, 1.75, 7], "texture": "#end_portal_frame_side"},
				"south": {"uv": [0.5, 6, 2, 7], "texture": "#end_portal_frame_side"},
				"west": {"uv": [0.5, 6, 0.75, 7], "texture": "#end_portal_frame_side"},
				"up": {"uv": [0.5, 6, 2, 6.25], "texture": "#end_portal_frame_side"}
			}
		},
		{
			"from": [16, 10.5, 13],
			"to": [16.25, 11.5, 14.5],
			"faces": {
				"north": {"uv": [1.5, 6, 1.75, 7], "texture": "#end_portal_frame_side"},
				"east": {"uv": [0.5, 6, 2, 7], "texture": "#end_portal_frame_side"},
				"south": {"uv": [0.5, 6, 0.75, 7], "texture": "#end_portal_frame_side"},
				"up": {"uv": [0.5, 6, 2, 6.25], "rotation": 270, "texture": "#end_portal_frame_side"}
			}
		},
		{
			"from": [13, 10.5, -0.25],
			"to": [14.5, 11.5, 0],
			"faces": {
				"north": {"uv": [0.5, 6, 2, 7], "texture": "#end_portal_frame_side"},
				"east": {"uv": [0.5, 6, 0.75, 7], "texture": "#end_portal_frame_side"},
				"west": {"uv": [1.5, 6, 1.75, 7], "texture": "#end_portal_frame_side"},
				"up": {"uv": [0.5, 6, 2, 6.25], "rotation": 180, "texture": "#end_portal_frame_side"}
			}
		},
		{
			"from": [-0.25, 10.5, 1.5],
			"to": [0, 11.5, 3],
			"faces": {
				"north": {"uv": [0.5, 6, 0.75, 7], "texture": "#end_portal_frame_side"},
				"south": {"uv": [1.5, 6, 1.75, 7], "texture": "#end_portal_frame_side"},
				"west": {"uv": [0.5, 6, 2, 7], "texture": "#end_portal_frame_side"},
				"up": {"uv": [0.5, 6, 2, 6.25], "rotation": 90, "texture": "#end_portal_frame_side"}
			}
		},
		{
			"from": [2, 6.5, 16],
			"to": [14, 8, 16.25],
			"faces": {
				"east": {"uv": [13.5, 8, 14, 9.5], "texture": "#end_portal_frame_side"},
				"south": {"uv": [2, 8, 14, 9.5], "texture": "#end_portal_frame_side"},
				"west": {"uv": [2, 8, 2.5, 9.5], "texture": "#end_portal_frame_side"},
				"up": {"uv": [2, 8, 14, 8.5], "texture": "#end_portal_frame_side"},
				"down": {"uv": [2, 9, 14, 9.5], "texture": "#end_portal_frame_side"}
			}
		},
		{
			"from": [16, 6.5, 2],
			"to": [16.25, 8, 14],
			"faces": {
				"north": {"uv": [13.5, 8, 14, 9.5], "texture": "#end_portal_frame_side"},
				"east": {"uv": [2, 8, 14, 9.5], "texture": "#end_portal_frame_side"},
				"south": {"uv": [2, 8, 2.5, 9.5], "texture": "#end_portal_frame_side"},
				"up": {"uv": [2, 8, 14, 8.5], "rotation": 270, "texture": "#end_portal_frame_side"},
				"down": {"uv": [2, 9, 14, 9.5], "rotation": 90, "texture": "#end_portal_frame_side"}
			}
		},
		{
			"from": [2, 6.5, -0.25],
			"to": [14, 8, 0],
			"faces": {
				"north": {"uv": [2, 8, 14, 9.5], "texture": "#end_portal_frame_side"},
				"east": {"uv": [2, 8, 2.5, 9.5], "texture": "#end_portal_frame_side"},
				"west": {"uv": [13.5, 8, 14, 9.5], "texture": "#end_portal_frame_side"},
				"up": {"uv": [2, 8, 14, 8.5], "rotation": 180, "texture": "#end_portal_frame_side"},
				"down": {"uv": [2, 9, 14, 9.5], "rotation": 180, "texture": "#end_portal_frame_side"}
			}
		},
		{
			"from": [-0.25, 6.5, 2],
			"to": [0, 8, 14],
			"faces": {
				"north": {"uv": [2, 8, 2.5, 9.5], "texture": "#end_portal_frame_side"},
				"south": {"uv": [13.5, 8, 14, 9.5], "texture": "#end_portal_frame_side"},
				"west": {"uv": [2, 8, 14, 9.5], "texture": "#end_portal_frame_side"},
				"up": {"uv": [2, 8, 14, 8.5], "rotation": 90, "texture": "#end_portal_frame_side"},
				"down": {"uv": [2, 9, 14, 9.5], "rotation": 270, "texture": "#end_portal_frame_side"}
			}
		},
		{
			"from": [2.5, 6, 16],
			"to": [13.5, 6.5, 16.25],
			"faces": {
				"east": {"uv": [13, 9.5, 13.25, 10], "texture": "#end_portal_frame_side"},
				"south": {"uv": [2.5, 9.5, 13.5, 10], "texture": "#end_portal_frame_side"},
				"west": {"uv": [2.5, 9.5, 2.75, 10], "texture": "#end_portal_frame_side"},
				"down": {"uv": [2.5, 9.5, 13.5, 9.75], "texture": "#end_portal_frame_side"}
			}
		},
		{
			"from": [16, 6, 2.5],
			"to": [16.25, 6.5, 13.5],
			"faces": {
				"north": {"uv": [13, 9.5, 13.25, 10], "texture": "#end_portal_frame_side"},
				"east": {"uv": [2.5, 9.5, 13.5, 10], "texture": "#end_portal_frame_side"},
				"south": {"uv": [2.5, 9.5, 2.75, 10], "texture": "#end_portal_frame_side"},
				"down": {"uv": [2.5, 9.5, 13.5, 9.75], "rotation": 90, "texture": "#end_portal_frame_side"}
			}
		},
		{
			"from": [2.5, 6, -0.25],
			"to": [13.5, 6.5, 0],
			"faces": {
				"north": {"uv": [2.5, 9.5, 13.5, 10], "texture": "#end_portal_frame_side"},
				"east": {"uv": [2.5, 9.5, 2.75, 10], "texture": "#end_portal_frame_side"},
				"west": {"uv": [13, 9.5, 13.25, 10], "texture": "#end_portal_frame_side"},
				"down": {"uv": [2.5, 9.5, 13.5, 9.75], "rotation": 180, "texture": "#end_portal_frame_side"}
			}
		},
		{
			"from": [-0.25, 6, 2.5],
			"to": [0, 6.5, 13.5],
			"faces": {
				"north": {"uv": [2.5, 9.5, 2.75, 10], "texture": "#end_portal_frame_side"},
				"south": {"uv": [13, 9.5, 13.25, 10], "texture": "#end_portal_frame_side"},
				"west": {"uv": [2.5, 9.5, 13.5, 10], "texture": "#end_portal_frame_side"},
				"down": {"uv": [2.5, 9.5, 13.5, 9.75], "rotation": 270, "texture": "#end_portal_frame_side"}
			}
		},
		{
			"from": [1, 7.5, 16],
			"to": [2, 8, 16.25],
			"faces": {
				"south": {"uv": [1.5, 8.5, 2.5, 9], "texture": "#end_portal_frame_side"},
				"west": {"uv": [1.5, 8.5, 1.75, 9], "texture": "#end_portal_frame_side"},
				"down": {"uv": [1.5, 8.5, 2.5, 8.75], "texture": "#end_portal_frame_side"}
			}
		},
		{
			"from": [16, 7.5, 14],
			"to": [16.25, 8, 15],
			"faces": {
				"east": {"uv": [1.5, 8.5, 2.5, 9], "texture": "#end_portal_frame_side"},
				"south": {"uv": [1.5, 8.5, 1.75, 9], "texture": "#end_portal_frame_side"},
				"down": {"uv": [1.5, 8.5, 2.5, 8.75], "rotation": 90, "texture": "#end_portal_frame_side"}
			}
		},
		{
			"from": [14, 7.5, -0.25],
			"to": [15, 8, 0],
			"faces": {
				"north": {"uv": [1.5, 8.5, 2.5, 9], "texture": "#end_portal_frame_side"},
				"east": {"uv": [1.5, 8.5, 1.75, 9], "texture": "#end_portal_frame_side"},
				"down": {"uv": [1.5, 8.5, 2.5, 8.75], "rotation": 180, "texture": "#end_portal_frame_side"}
			}
		},
		{
			"from": [-0.25, 7.5, 1],
			"to": [0, 8, 2],
			"faces": {
				"north": {"uv": [1.5, 8.5, 1.75, 9], "texture": "#end_portal_frame_side"},
				"west": {"uv": [1.5, 8.5, 2.5, 9], "texture": "#end_portal_frame_side"},
				"down": {"uv": [1.5, 8.5, 2.5, 8.75], "rotation": 270, "texture": "#end_portal_frame_side"}
			}
		},
		{
			"from": [14, 7.5, 16],
			"to": [15, 8, 16.25],
			"faces": {
				"east": {"uv": [14.5, 7, 14.75, 7.5], "texture": "#end_portal_frame_side"},
				"south": {"uv": [1.5, 8.5, 2.5, 9], "texture": "#end_portal_frame_side"},
				"west": {"uv": [1.5, 8.5, 1.75, 9], "texture": "#end_portal_frame_side"},
				"down": {"uv": [1.5, 8.5, 2.5, 8.75], "texture": "#end_portal_frame_side"}
			}
		},
		{
			"from": [16, 7.5, 1],
			"to": [16.25, 8, 2],
			"faces": {
				"north": {"uv": [14.5, 7, 14.75, 7.5], "texture": "#end_portal_frame_side"},
				"east": {"uv": [1.5, 8.5, 2.5, 9], "texture": "#end_portal_frame_side"},
				"south": {"uv": [1.5, 8.5, 1.75, 9], "texture": "#end_portal_frame_side"},
				"down": {"uv": [1.5, 8.5, 2.5, 8.75], "rotation": 90, "texture": "#end_portal_frame_side"}
			}
		},
		{
			"from": [1, 7.5, -0.25],
			"to": [2, 8, 0],
			"faces": {
				"north": {"uv": [1.5, 8.5, 2.5, 9], "texture": "#end_portal_frame_side"},
				"east": {"uv": [1.5, 8.5, 1.75, 9], "texture": "#end_portal_frame_side"},
				"west": {"uv": [14.5, 7, 14.75, 7.5], "texture": "#end_portal_frame_side"},
				"down": {"uv": [1.5, 8.5, 2.5, 8.75], "rotation": 180, "texture": "#end_portal_frame_side"}
			}
		},
		{
			"from": [-0.25, 7.5, 14],
			"to": [0, 8, 15],
			"faces": {
				"north": {"uv": [1.5, 8.5, 1.75, 9], "texture": "#end_portal_frame_side"},
				"south": {"uv": [14.5, 7, 14.75, 7.5], "texture": "#end_portal_frame_side"},
				"west": {"uv": [1.5, 8.5, 2.5, 9], "texture": "#end_portal_frame_side"},
				"down": {"uv": [1.5, 8.5, 2.5, 8.75], "rotation": 270, "texture": "#end_portal_frame_side"}
			}
		},
		{
			"from": [1.5, 7, 16],
			"to": [2, 7.5, 16.25],
			"faces": {
				"south": {"uv": [1.5, 8.5, 2.5, 9], "texture": "#end_portal_frame_side"},
				"west": {"uv": [1.5, 8.5, 1.75, 9], "texture": "#end_portal_frame_side"},
				"down": {"uv": [1.5, 8.5, 2.5, 8.75], "texture": "#end_portal_frame_side"}
			}
		},
		{
			"from": [16, 7, 14],
			"to": [16.25, 7.5, 14.5],
			"faces": {
				"east": {"uv": [1.5, 8.5, 2.5, 9], "texture": "#end_portal_frame_side"},
				"south": {"uv": [1.5, 8.5, 1.75, 9], "texture": "#end_portal_frame_side"},
				"down": {"uv": [1.5, 8.5, 2.5, 8.75], "rotation": 90, "texture": "#end_portal_frame_side"}
			}
		},
		{
			"from": [14, 7, -0.25],
			"to": [14.5, 7.5, 0],
			"faces": {
				"north": {"uv": [1.5, 8.5, 2.5, 9], "texture": "#end_portal_frame_side"},
				"east": {"uv": [1.5, 8.5, 1.75, 9], "texture": "#end_portal_frame_side"},
				"down": {"uv": [1.5, 8.5, 2.5, 8.75], "rotation": 180, "texture": "#end_portal_frame_side"}
			}
		},
		{
			"from": [-0.25, 7, 1.5],
			"to": [0, 7.5, 2],
			"faces": {
				"north": {"uv": [1.5, 8.5, 1.75, 9], "texture": "#end_portal_frame_side"},
				"west": {"uv": [1.5, 8.5, 2.5, 9], "texture": "#end_portal_frame_side"},
				"down": {"uv": [1.5, 8.5, 2.5, 8.75], "rotation": 270, "texture": "#end_portal_frame_side"}
			}
		},
		{
			"from": [14, 7, 16],
			"to": [14.5, 7.5, 16.25],
			"faces": {
				"east": {"uv": [14.5, 8, 14.75, 8.5], "texture": "#end_portal_frame_side"},
				"south": {"uv": [1.5, 8.5, 2.5, 9], "texture": "#end_portal_frame_side"},
				"west": {"uv": [1.5, 8.5, 1.75, 9], "texture": "#end_portal_frame_side"},
				"down": {"uv": [1.5, 8.5, 2.5, 8.75], "texture": "#end_portal_frame_side"}
			}
		},
		{
			"from": [16, 7, 1.5],
			"to": [16.25, 7.5, 2],
			"faces": {
				"north": {"uv": [14.5, 8, 14.75, 8.5], "texture": "#end_portal_frame_side"},
				"east": {"uv": [1.5, 8.5, 2.5, 9], "texture": "#end_portal_frame_side"},
				"south": {"uv": [1.5, 8.5, 1.75, 9], "texture": "#end_portal_frame_side"},
				"down": {"uv": [1.5, 8.5, 2.5, 8.75], "rotation": 90, "texture": "#end_portal_frame_side"}
			}
		},
		{
			"from": [1.5, 7, -0.25],
			"to": [2, 7.5, 0],
			"faces": {
				"north": {"uv": [1.5, 8.5, 2.5, 9], "texture": "#end_portal_frame_side"},
				"east": {"uv": [1.5, 8.5, 1.75, 9], "texture": "#end_portal_frame_side"},
				"west": {"uv": [14.5, 8, 14.75, 8.5], "texture": "#end_portal_frame_side"},
				"down": {"uv": [1.5, 8.5, 2.5, 8.75], "rotation": 180, "texture": "#end_portal_frame_side"}
			}
		},
		{
			"from": [-0.25, 7, 14],
			"to": [0, 7.5, 14.5],
			"faces": {
				"north": {"uv": [1.5, 8.5, 1.75, 9], "texture": "#end_portal_frame_side"},
				"south": {"uv": [14.5, 8, 14.75, 8.5], "texture": "#end_portal_frame_side"},
				"west": {"uv": [1.5, 8.5, 2.5, 9], "texture": "#end_portal_frame_side"},
				"down": {"uv": [1.5, 8.5, 2.5, 8.75], "rotation": 270, "texture": "#end_portal_frame_side"}
			}
		},
		{
			"from": [4, 12, 4],
			"to": [12, 12.5, 5],
			"faces": {
				"south": {"uv": [4, 3.5, 12, 4], "texture": "#end_portal_frame_side"},
				"up": {"uv": [4, 4, 12, 5], "texture": "#end_portal_frame_top"},
				"down": {"uv": [4, 11, 12, 12], "texture": "#endstone"}
			}
		},
		{
			"from": [4, 12, 5],
			"to": [5, 12.5, 11],
			"faces": {
				"north": {"uv": [11, 3.5, 12, 4], "texture": "#end_portal_frame_side"},
				"east": {"uv": [5, 3.5, 11, 4], "texture": "#end_portal_frame_side"},
				"south": {"uv": [4, 3.5, 5, 4], "texture": "#end_portal_frame_side"},
				"up": {"uv": [4, 5, 5, 11], "texture": "#end_portal_frame_top"},
				"down": {"uv": [4, 5, 5, 11], "texture": "#endstone"}
			}
		},
		{
			"from": [11, 12, 5],
			"to": [12, 12.5, 11],
			"faces": {
				"north": {"uv": [4, 3.5, 5, 4], "texture": "#end_portal_frame_side"},
				"south": {"uv": [11, 3.5, 12, 4], "texture": "#end_portal_frame_side"},
				"west": {"uv": [5, 3.5, 11, 4], "texture": "#end_portal_frame_side"},
				"up": {"uv": [11, 5, 12, 11], "texture": "#end_portal_frame_top"},
				"down": {"uv": [11, 5, 12, 11], "texture": "#endstone"}
			}
		},
		{
			"name": "cube2",
			"from": [11, 13, 14],
			"to": [13.5, 13.25, 15],
			"faces": {
				"north": {"uv": [11, 14, 13.5, 14.25], "texture": "#end_portal_frame_top"},
				"east": {"uv": [13, 14, 13.25, 15], "rotation": 90, "texture": "#end_portal_frame_top"},
				"south": {"uv": [11, 14.5, 13.5, 14.75], "texture": "#end_portal_frame_top"},
				"west": {"uv": [11, 14, 11.25, 15], "rotation": 90, "texture": "#end_portal_frame_top"},
				"up": {"uv": [11, 14, 13.5, 15], "texture": "#end_portal_frame_top"}
			}
		},
		{
			"name": "cube3",
			"from": [2.5, 13, 1],
			"to": [5, 13.25, 2],
			"faces": {
				"north": {"uv": [11, 14.5, 13.5, 14.75], "texture": "#end_portal_frame_top"},
				"east": {"uv": [11, 14, 11.25, 15], "rotation": 90, "texture": "#end_portal_frame_top"},
				"south": {"uv": [11, 14, 13.5, 14.25], "texture": "#end_portal_frame_top"},
				"west": {"uv": [13, 14, 13.25, 15], "rotation": 90, "texture": "#end_portal_frame_top"},
				"up": {"uv": [11, 14, 13.5, 15], "rotation": 180, "texture": "#end_portal_frame_top"}
			}
		},
		{
			"name": "cube3",
			"from": [2.5, 13, 14],
			"to": [5, 13.25, 15],
			"faces": {
				"north": {"uv": [2.5, 14, 5, 14.25], "rotation": 180, "texture": "#end_portal_frame_top"},
				"east": {"uv": [4.5, 14, 4.75, 15], "rotation": 90, "texture": "#end_portal_frame_top"},
				"south": {"uv": [2.5, 14.5, 5, 14.75], "texture": "#end_portal_frame_top"},
				"west": {"uv": [2.5, 14, 2.75, 15], "rotation": 90, "texture": "#end_portal_frame_top"},
				"up": {"uv": [2.5, 14, 5, 15], "texture": "#end_portal_frame_top"}
			}
		},
		{
			"name": "cube4",
			"from": [11, 13, 1],
			"to": [13.5, 13.25, 2],
			"faces": {
				"north": {"uv": [2.5, 14.5, 5, 14.75], "texture": "#end_portal_frame_top"},
				"east": {"uv": [2.5, 14, 2.75, 15], "rotation": 90, "texture": "#end_portal_frame_top"},
				"south": {"uv": [2.5, 14, 5, 14.25], "texture": "#end_portal_frame_top"},
				"west": {"uv": [4.5, 14, 4.75, 15], "rotation": 90, "texture": "#end_portal_frame_top"},
				"up": {"uv": [2.5, 14, 5, 15], "rotation": 180, "texture": "#end_portal_frame_top"}
			}
		},
		{
			"name": "cube4",
			"from": [1, 13, 10.5],
			"to": [2, 13.25, 13.5],
			"faces": {
				"north": {"uv": [1, 10.5, 2, 10.75], "texture": "#end_portal_frame_top"},
				"east": {"uv": [1.5, 10.5, 1.75, 13.5], "rotation": 90, "texture": "#end_portal_frame_top"},
				"south": {"uv": [1, 13, 2, 13.25], "texture": "#end_portal_frame_top"},
				"west": {"uv": [1, 10.5, 1.25, 13.5], "rotation": 90, "texture": "#end_portal_frame_top"},
				"up": {"uv": [1, 10.5, 2, 13.5], "texture": "#end_portal_frame_top"}
			}
		},
		{
			"name": "cube5",
			"from": [14, 13, 2.5],
			"to": [15, 13.25, 5.5],
			"faces": {
				"north": {"uv": [1, 13, 2, 13.25], "texture": "#end_portal_frame_top"},
				"east": {"uv": [1, 10.5, 1.25, 13.5], "rotation": 90, "texture": "#end_portal_frame_top"},
				"south": {"uv": [1, 10.5, 2, 10.75], "texture": "#end_portal_frame_top"},
				"west": {"uv": [1.5, 10.5, 1.75, 13.5], "rotation": 90, "texture": "#end_portal_frame_top"},
				"up": {"uv": [1, 10.5, 2, 13.5], "rotation": 180, "texture": "#end_portal_frame_top"}
			}
		},
		{
			"name": "cube5",
			"from": [1.5, 13, 13],
			"to": [2.5, 13.25, 14],
			"faces": {
				"north": {"uv": [1.5, 13, 2.5, 13.25], "texture": "#end_portal_frame_top"},
				"east": {"uv": [2, 13, 2.25, 14], "rotation": 90, "texture": "#end_portal_frame_top"},
				"south": {"uv": [1.5, 13.5, 2.5, 13.75], "texture": "#end_portal_frame_top"},
				"west": {"uv": [1.5, 13, 1.75, 14], "rotation": 90, "texture": "#end_portal_frame_top"},
				"up": {"uv": [1.5, 13, 2.5, 14], "texture": "#end_portal_frame_top"}
			}
		},
		{
			"name": "cube6",
			"from": [13.5, 13, 2],
			"to": [14.5, 13.25, 3],
			"faces": {
				"north": {"uv": [1.5, 13.5, 2.5, 13.75], "texture": "#end_portal_frame_top"},
				"east": {"uv": [1.5, 13, 1.75, 14], "rotation": 90, "texture": "#end_portal_frame_top"},
				"south": {"uv": [1.5, 13, 2.5, 13.25], "texture": "#end_portal_frame_top"},
				"west": {"uv": [2, 13, 2.25, 14], "rotation": 90, "texture": "#end_portal_frame_top"},
				"up": {"uv": [1.5, 13, 2.5, 14], "rotation": 180, "texture": "#end_portal_frame_top"}
			}
		},
		{
			"name": "cube6",
			"from": [13.5, 13, 13],
			"to": [14.5, 13.25, 14],
			"rotation": {"angle": 0, "axis": "y", "origin": [19, 8, 8]},
			"faces": {
				"north": {"uv": [13.5, 13, 14.5, 13.25], "texture": "#end_portal_frame_top"},
				"east": {"uv": [14, 13, 14.25, 14], "rotation": 90, "texture": "#end_portal_frame_top"},
				"south": {"uv": [13.5, 13.5, 14.5, 13.75], "texture": "#end_portal_frame_top"},
				"west": {"uv": [13.5, 13, 13.75, 14], "rotation": 90, "texture": "#end_portal_frame_top"},
				"up": {"uv": [13.5, 13, 14.5, 14], "texture": "#end_portal_frame_top"}
			}
		},
		{
			"name": "cube7",
			"from": [1.5, 13, 2],
			"to": [2.5, 13.25, 3],
			"faces": {
				"north": {"uv": [13.5, 13.5, 14.5, 13.75], "texture": "#end_portal_frame_top"},
				"east": {"uv": [13.5, 13, 13.75, 14], "rotation": 90, "texture": "#end_portal_frame_top"},
				"south": {"uv": [13.5, 13, 14.5, 13.25], "texture": "#end_portal_frame_top"},
				"west": {"uv": [14, 13, 14.25, 14], "rotation": 90, "texture": "#end_portal_frame_top"},
				"up": {"uv": [13.5, 13, 14.5, 14], "rotation": 180, "texture": "#end_portal_frame_top"}
			}
		},
		{
			"name": "cube6",
			"from": [2, 13, 13.5],
			"to": [3, 13.25, 14.5],
			"faces": {
				"north": {"uv": [1.5, 13, 2.5, 13.25], "texture": "#end_portal_frame_top"},
				"east": {"uv": [2, 13, 2.25, 14], "rotation": 90, "texture": "#end_portal_frame_top"},
				"south": {"uv": [1.5, 13.5, 2.5, 13.75], "texture": "#end_portal_frame_top"},
				"west": {"uv": [1.5, 13, 1.75, 14], "rotation": 90, "texture": "#end_portal_frame_top"},
				"up": {"uv": [1.5, 13, 2.5, 14], "texture": "#end_portal_frame_top"}
			}
		},
		{
			"name": "cube7",
			"from": [13, 13, 1.5],
			"to": [14, 13.25, 2.5],
			"faces": {
				"north": {"uv": [1.5, 13.5, 2.5, 13.75], "texture": "#end_portal_frame_top"},
				"east": {"uv": [1.5, 13, 1.75, 14], "rotation": 90, "texture": "#end_portal_frame_top"},
				"south": {"uv": [1.5, 13, 2.5, 13.25], "texture": "#end_portal_frame_top"},
				"west": {"uv": [2, 13, 2.25, 14], "rotation": 90, "texture": "#end_portal_frame_top"},
				"up": {"uv": [1.5, 13, 2.5, 14], "rotation": 180, "texture": "#end_portal_frame_top"}
			}
		},
		{
			"name": "cube7",
			"from": [13, 13, 13.5],
			"to": [14, 13.25, 14.5],
			"rotation": {"angle": 0, "axis": "y", "origin": [19, 8, 8]},
			"faces": {
				"north": {"uv": [13, 13.5, 14, 13.75], "texture": "#end_portal_frame_top"},
				"east": {"uv": [13.5, 13.5, 13.75, 14.5], "rotation": 90, "texture": "#end_portal_frame_top"},
				"south": {"uv": [13, 14, 14, 14.25], "texture": "#end_portal_frame_top"},
				"west": {"uv": [13, 13.5, 13.25, 14.5], "rotation": 90, "texture": "#end_portal_frame_top"},
				"up": {"uv": [13, 13.5, 14, 14.5], "texture": "#end_portal_frame_top"}
			}
		},
		{
			"name": "cube8",
			"from": [2, 13, 1.5],
			"to": [3, 13.25, 2.5],
			"faces": {
				"north": {"uv": [13, 14, 14, 14.25], "texture": "#end_portal_frame_top"},
				"east": {"uv": [13, 13.5, 13.25, 14.5], "rotation": 90, "texture": "#end_portal_frame_top"},
				"south": {"uv": [13, 13.5, 14, 13.75], "texture": "#end_portal_frame_top"},
				"west": {"uv": [13.5, 13.5, 13.75, 14.5], "rotation": 90, "texture": "#end_portal_frame_top"},
				"up": {"uv": [13, 13.5, 14, 14.5], "rotation": 180, "texture": "#end_portal_frame_top"}
			}
		},
		{
			"name": "cube8",
			"from": [9.5, 13, 13],
			"to": [10.5, 13.25, 14],
			"rotation": {"angle": 0, "axis": "y", "origin": [19, 8, 8]},
			"faces": {
				"north": {"uv": [9.5, 13, 10.5, 13.25], "texture": "#end_portal_frame_top"},
				"east": {"uv": [10, 13, 10.25, 14], "rotation": 90, "texture": "#end_portal_frame_top"},
				"south": {"uv": [9.5, 13.5, 10.5, 13.75], "texture": "#end_portal_frame_top"},
				"west": {"uv": [9.5, 13, 9.75, 14], "rotation": 90, "texture": "#end_portal_frame_top"},
				"up": {"uv": [9.5, 13, 10.5, 14], "texture": "#end_portal_frame_top"}
			}
		},
		{
			"name": "cube9",
			"from": [5.5, 13, 2],
			"to": [6.5, 13.25, 3],
			"faces": {
				"north": {"uv": [9.5, 13.5, 10.5, 13.75], "texture": "#end_portal_frame_top"},
				"east": {"uv": [9.5, 13, 9.75, 14], "rotation": 90, "texture": "#end_portal_frame_top"},
				"south": {"uv": [9.5, 13, 10.5, 13.25], "texture": "#end_portal_frame_top"},
				"west": {"uv": [10, 13, 10.25, 14], "rotation": 90, "texture": "#end_portal_frame_top"},
				"up": {"uv": [9.5, 13, 10.5, 14], "rotation": 180, "texture": "#end_portal_frame_top"}
			}
		},
		{
			"name": "cube9",
			"from": [14.5, 13, 10],
			"to": [15, 13.25, 10.5],
			"rotation": {"angle": 0, "axis": "y", "origin": [19, 8, 8]},
			"faces": {
				"north": {"uv": [14.5, 10, 15, 10.25], "texture": "#end_portal_frame_top"},
				"east": {"uv": [14.5, 10, 14.75, 10.5], "rotation": 90, "texture": "#end_portal_frame_top"},
				"south": {"uv": [14.5, 10, 15, 10.25], "texture": "#end_portal_frame_top"},
				"west": {"uv": [14.5, 10, 14.75, 10.5], "rotation": 90, "texture": "#end_portal_frame_top"},
				"up": {"uv": [14.5, 10, 15, 10.5], "texture": "#end_portal_frame_top"}
			}
		},
		{
			"name": "cube10",
			"from": [1, 13, 5.5],
			"to": [1.5, 13.25, 6],
			"faces": {
				"north": {"uv": [14.5, 10, 15, 10.25], "texture": "#end_portal_frame_top"},
				"east": {"uv": [14.5, 10, 14.75, 10.5], "rotation": 90, "texture": "#end_portal_frame_top"},
				"south": {"uv": [14.5, 10, 15, 10.25], "texture": "#end_portal_frame_top"},
				"west": {"uv": [14.5, 10, 14.75, 10.5], "rotation": 90, "texture": "#end_portal_frame_top"},
				"up": {"uv": [14.5, 10, 15, 10.5], "rotation": 180, "texture": "#end_portal_frame_top"}
			}
		},
		{
			"name": "cube10",
			"from": [1, 13, 10],
			"to": [1.5, 13.25, 10.5],
			"rotation": {"angle": 0, "axis": "y", "origin": [19, 8, 8]},
			"faces": {
				"north": {"uv": [1, 10, 1.5, 10.25], "texture": "#end_portal_frame_top"},
				"east": {"uv": [1, 10, 1.25, 10.5], "rotation": 90, "texture": "#end_portal_frame_top"},
				"south": {"uv": [1, 10, 1.5, 10.25], "texture": "#end_portal_frame_top"},
				"west": {"uv": [1, 10, 1.25, 10.5], "rotation": 90, "texture": "#end_portal_frame_top"},
				"up": {"uv": [1, 10, 1.5, 10.5], "texture": "#end_portal_frame_top"}
			}
		},
		{
			"name": "cube11",
			"from": [14.5, 13, 5.5],
			"to": [15, 13.25, 6],
			"faces": {
				"north": {"uv": [1, 10, 1.5, 10.25], "texture": "#end_portal_frame_top"},
				"east": {"uv": [1, 10, 1.25, 10.5], "rotation": 90, "texture": "#end_portal_frame_top"},
				"south": {"uv": [1, 10, 1.5, 10.25], "texture": "#end_portal_frame_top"},
				"west": {"uv": [1, 10, 1.25, 10.5], "rotation": 90, "texture": "#end_portal_frame_top"},
				"up": {"uv": [1, 10, 1.5, 10.5], "rotation": 180, "texture": "#end_portal_frame_top"}
			}
		},
		{
			"name": "cube12",
			"from": [14.5, 13, 7],
			"to": [15, 13.25, 9],
			"faces": {
				"north": {"uv": [1, 10, 1.5, 10.25], "texture": "#end_portal_frame_top"},
				"east": {"uv": [1, 7, 1.25, 9], "rotation": 90, "texture": "#end_portal_frame_top"},
				"south": {"uv": [1, 10, 1.5, 10.25], "texture": "#end_portal_frame_top"},
				"west": {"uv": [1, 7, 1.25, 9], "rotation": 90, "texture": "#end_portal_frame_top"},
				"up": {"uv": [1, 7, 1.5, 9], "rotation": 180, "texture": "#end_portal_frame_top"}
			}
		},
		{
			"name": "cube13",
			"from": [7, 13, 14.5],
			"to": [9, 13.25, 15],
			"faces": {
				"north": {"uv": [1, 7, 1.25, 9], "rotation": 90, "texture": "#end_portal_frame_top"},
				"east": {"uv": [1, 10, 1.5, 10.25], "texture": "#end_portal_frame_top"},
				"south": {"uv": [1, 7, 1.25, 9], "rotation": 90, "texture": "#end_portal_frame_top"},
				"west": {"uv": [1, 10, 1.5, 10.25], "texture": "#end_portal_frame_top"},
				"up": {"uv": [1, 7, 1.5, 9], "rotation": 270, "texture": "#end_portal_frame_top"}
			}
		},
		{
			"name": "cube14",
			"from": [1, 13, 7],
			"to": [1.5, 13.25, 9],
			"faces": {
				"north": {"uv": [1, 10, 1.5, 10.25], "texture": "#end_portal_frame_top"},
				"east": {"uv": [1, 7, 1.25, 9], "rotation": 90, "texture": "#end_portal_frame_top"},
				"south": {"uv": [1, 10, 1.5, 10.25], "texture": "#end_portal_frame_top"},
				"west": {"uv": [1, 7, 1.25, 9], "rotation": 90, "texture": "#end_portal_frame_top"},
				"up": {"uv": [1, 7, 1.5, 9], "texture": "#end_portal_frame_top"}
			}
		},
		{
			"name": "cube15",
			"from": [7, 13, 1],
			"to": [9, 13.25, 1.5],
			"faces": {
				"north": {"uv": [1, 7, 1.25, 9], "rotation": 90, "texture": "#end_portal_frame_top"},
				"east": {"uv": [1, 10, 1.5, 10.25], "texture": "#end_portal_frame_top"},
				"south": {"uv": [1, 7, 1.25, 9], "rotation": 90, "texture": "#end_portal_frame_top"},
				"west": {"uv": [1, 10, 1.5, 10.25], "texture": "#end_portal_frame_top"},
				"up": {"uv": [1, 7, 1.5, 9], "rotation": 90, "texture": "#end_portal_frame_top"}
			}
		},
		{
			"name": "cube13",
			"from": [14, 13, 7.5],
			"to": [14.5, 13.25, 8.5],
			"faces": {
				"north": {"uv": [1, 10, 1.5, 10.25], "texture": "#end_portal_frame_top"},
				"south": {"uv": [1, 10, 1.5, 10.25], "texture": "#end_portal_frame_top"},
				"west": {"uv": [1.5, 7.5, 1.75, 8.5], "rotation": 90, "texture": "#end_portal_frame_top"},
				"up": {"uv": [1.5, 7.5, 2, 8.5], "rotation": 180, "texture": "#end_portal_frame_top"}
			}
		},
		{
			"name": "cube14",
			"from": [7.5, 13, 14],
			"to": [8.5, 13.25, 14.5],
			"faces": {
				"north": {"uv": [1.5, 7.5, 1.75, 8.5], "rotation": 90, "texture": "#end_portal_frame_top"},
				"east": {"uv": [1, 10, 1.5, 10.25], "texture": "#end_portal_frame_top"},
				"west": {"uv": [1, 10, 1.5, 10.25], "texture": "#end_portal_frame_top"},
				"up": {"uv": [1.5, 7.5, 2, 8.5], "rotation": 270, "texture": "#end_portal_frame_top"}
			}
		},
		{
			"name": "cube15",
			"from": [1.5, 13, 7.5],
			"to": [2, 13.25, 8.5],
			"faces": {
				"north": {"uv": [1, 10, 1.5, 10.25], "texture": "#end_portal_frame_top"},
				"east": {"uv": [1.5, 7.5, 1.75, 8.5], "rotation": 90, "texture": "#end_portal_frame_top"},
				"south": {"uv": [1, 10, 1.5, 10.25], "texture": "#end_portal_frame_top"},
				"up": {"uv": [1.5, 7.5, 2, 8.5], "texture": "#end_portal_frame_top"}
			}
		},
		{
			"name": "cube16",
			"from": [7.5, 13, 1.5],
			"to": [8.5, 13.25, 2],
			"faces": {
				"east": {"uv": [1, 10, 1.5, 10.25], "texture": "#end_portal_frame_top"},
				"south": {"uv": [1.5, 7.5, 1.75, 8.5], "rotation": 90, "texture": "#end_portal_frame_top"},
				"west": {"uv": [1, 10, 1.5, 10.25], "texture": "#end_portal_frame_top"},
				"up": {"uv": [1.5, 7.5, 2, 8.5], "rotation": 90, "texture": "#end_portal_frame_top"}
			}
		},
		{
			"name": "cube9",
			"from": [5.5, 13, 13],
			"to": [6.5, 13.25, 14],
			"rotation": {"angle": 0, "axis": "y", "origin": [19, 8, 8]},
			"faces": {
				"north": {"uv": [5.5, 13, 6.5, 13.25], "texture": "#end_portal_frame_top"},
				"east": {"uv": [6, 13, 6.25, 14], "rotation": 90, "texture": "#end_portal_frame_top"},
				"south": {"uv": [5.5, 13.5, 6.5, 13.75], "texture": "#end_portal_frame_top"},
				"west": {"uv": [5.5, 13, 5.75, 14], "rotation": 90, "texture": "#end_portal_frame_top"},
				"up": {"uv": [5.5, 13, 6.5, 14], "texture": "#end_portal_frame_top"}
			}
		},
		{
			"name": "cube10",
			"from": [9.5, 13, 2],
			"to": [10.5, 13.25, 3],
			"faces": {
				"north": {"uv": [5.5, 13.5, 6.5, 13.75], "texture": "#end_portal_frame_top"},
				"east": {"uv": [5.5, 13, 5.75, 14], "rotation": 90, "texture": "#end_portal_frame_top"},
				"south": {"uv": [5.5, 13, 6.5, 13.25], "texture": "#end_portal_frame_top"},
				"west": {"uv": [6, 13, 6.25, 14], "rotation": 90, "texture": "#end_portal_frame_top"},
				"up": {"uv": [5.5, 13, 6.5, 14], "rotation": 180, "texture": "#end_portal_frame_top"}
			}
		},
		{
			"name": "cube10",
			"from": [6, 13, 12.5],
			"to": [7, 13.25, 13.5],
			"rotation": {"angle": 0, "axis": "y", "origin": [19, 8, 8]},
			"faces": {
				"north": {"uv": [5.5, 13, 6.5, 13.25], "texture": "#end_portal_frame_top"},
				"east": {"uv": [6, 13, 6.25, 14], "rotation": 90, "texture": "#end_portal_frame_top"},
				"south": {"uv": [5.5, 13.5, 6.5, 13.75], "texture": "#end_portal_frame_top"},
				"west": {"uv": [5.5, 13, 5.75, 14], "rotation": 90, "texture": "#end_portal_frame_top"},
				"up": {"uv": [5.5, 13, 6.5, 14], "texture": "#end_portal_frame_top"}
			}
		},
		{
			"name": "cube11",
			"from": [9, 13, 2.5],
			"to": [10, 13.25, 3.5],
			"faces": {
				"north": {"uv": [5.5, 13.5, 6.5, 13.75], "texture": "#end_portal_frame_top"},
				"east": {"uv": [5.5, 13, 5.75, 14], "rotation": 90, "texture": "#end_portal_frame_top"},
				"south": {"uv": [5.5, 13, 6.5, 13.25], "texture": "#end_portal_frame_top"},
				"west": {"uv": [6, 13, 6.25, 14], "rotation": 90, "texture": "#end_portal_frame_top"},
				"up": {"uv": [5.5, 13, 6.5, 14], "rotation": 180, "texture": "#end_portal_frame_top"}
			}
		},
		{
			"name": "cube9",
			"from": [9, 13, 12.5],
			"to": [10, 13.25, 13.5],
			"rotation": {"angle": 0, "axis": "y", "origin": [19, 8, 8]},
			"faces": {
				"north": {"uv": [9.5, 13, 10.5, 13.25], "texture": "#end_portal_frame_top"},
				"east": {"uv": [10, 13, 10.25, 14], "rotation": 90, "texture": "#end_portal_frame_top"},
				"south": {"uv": [9.5, 13.5, 10.5, 13.75], "texture": "#end_portal_frame_top"},
				"west": {"uv": [9.5, 13, 9.75, 14], "rotation": 90, "texture": "#end_portal_frame_top"},
				"up": {"uv": [9.5, 13, 10.5, 14], "texture": "#end_portal_frame_top"}
			}
		},
		{
			"name": "cube10",
			"from": [6, 13, 2.5],
			"to": [7, 13.25, 3.5],
			"faces": {
				"north": {"uv": [9.5, 13.5, 10.5, 13.75], "texture": "#end_portal_frame_top"},
				"east": {"uv": [9.5, 13, 9.75, 14], "rotation": 90, "texture": "#end_portal_frame_top"},
				"south": {"uv": [9.5, 13, 10.5, 13.25], "texture": "#end_portal_frame_top"},
				"west": {"uv": [10, 13, 10.25, 14], "rotation": 90, "texture": "#end_portal_frame_top"},
				"up": {"uv": [9.5, 13, 10.5, 14], "rotation": 180, "texture": "#end_portal_frame_top"}
			}
		},
		{
			"name": "cube5",
			"from": [14, 13, 10.5],
			"to": [15, 13.25, 13.5],
			"faces": {
				"north": {"uv": [14, 10.5, 15, 10.75], "texture": "#end_portal_frame_top"},
				"east": {"uv": [14.5, 10.5, 14.75, 13.5], "rotation": 90, "texture": "#end_portal_frame_top"},
				"south": {"uv": [14, 13, 15, 13.25], "texture": "#end_portal_frame_top"},
				"west": {"uv": [14, 10.5, 14.25, 13.5], "rotation": 270, "texture": "#end_portal_frame_top"},
				"up": {"uv": [14, 10.5, 15, 13.5], "texture": "#end_portal_frame_top"}
			}
		},
		{
			"name": "cube6",
			"from": [1, 13, 2.5],
			"to": [2, 13.25, 5.5],
			"faces": {
				"north": {"uv": [14, 13, 15, 13.25], "texture": "#end_portal_frame_top"},
				"east": {"uv": [14, 10.5, 14.25, 13.5], "rotation": 270, "texture": "#end_portal_frame_top"},
				"south": {"uv": [14, 10.5, 15, 10.75], "texture": "#end_portal_frame_top"},
				"west": {"uv": [14.5, 10.5, 14.75, 13.5], "rotation": 90, "texture": "#end_portal_frame_top"},
				"up": {"uv": [14, 10.5, 15, 13.5], "rotation": 180, "texture": "#end_portal_frame_top"}
			}
		},
		{
			"name": "cube4",
			"from": [6.5, 13, 12],
			"to": [9.5, 13.25, 13],
			"faces": {
				"north": {"uv": [6.5, 12, 9.5, 12.25], "rotation": 180, "texture": "#end_portal_frame_top"},
				"east": {"uv": [9, 12, 9.25, 13], "rotation": 90, "texture": "#end_portal_frame_top"},
				"south": {"uv": [6.5, 12.5, 9.5, 12.75], "texture": "#end_portal_frame_top"},
				"west": {"uv": [6.5, 12, 6.75, 13], "rotation": 90, "texture": "#end_portal_frame_top"},
				"up": {"uv": [6.5, 12, 9.5, 13], "texture": "#end_portal_frame_top"}
			}
		},
		{
			"name": "cube5",
			"from": [6.5, 13, 3],
			"to": [9.5, 13.25, 4],
			"faces": {
				"north": {"uv": [6.5, 12.5, 9.5, 12.75], "texture": "#end_portal_frame_top"},
				"east": {"uv": [6.5, 12, 6.75, 13], "rotation": 90, "texture": "#end_portal_frame_top"},
				"south": {"uv": [6.5, 12, 9.5, 12.25], "texture": "#end_portal_frame_top"},
				"west": {"uv": [9, 12, 9.25, 13], "rotation": 90, "texture": "#end_portal_frame_top"},
				"up": {"uv": [6.5, 12, 9.5, 13], "rotation": 180, "texture": "#end_portal_frame_top"}
			}
		},
		{
			"name": "cube5",
			"from": [4.5, 13, 13.5],
			"to": [6, 13.25, 14.5],
			"faces": {
				"north": {"uv": [4.5, 13.5, 6, 13.75], "texture": "#end_portal_frame_top"},
				"east": {"uv": [5.5, 13.5, 5.75, 14.5], "rotation": 90, "texture": "#end_portal_frame_top"},
				"south": {"uv": [4.5, 14, 6, 14.25], "texture": "#end_portal_frame_top"},
				"west": {"uv": [4.5, 13.5, 4.75, 14.5], "rotation": 90, "texture": "#end_portal_frame_top"},
				"up": {"uv": [4.5, 13.5, 6, 14.5], "texture": "#end_portal_frame_top"}
			}
		},
		{
			"name": "cube6",
			"from": [10, 13, 1.5],
			"to": [11.5, 13.25, 2.5],
			"faces": {
				"north": {"uv": [4.5, 14, 6, 14.25], "texture": "#end_portal_frame_top"},
				"east": {"uv": [4.5, 13.5, 4.75, 14.5], "rotation": 90, "texture": "#end_portal_frame_top"},
				"south": {"uv": [4.5, 13.5, 6, 13.75], "texture": "#end_portal_frame_top"},
				"west": {"uv": [5.5, 13.5, 5.75, 14.5], "rotation": 90, "texture": "#end_portal_frame_top"},
				"up": {"uv": [4.5, 13.5, 6, 14.5], "rotation": 180, "texture": "#end_portal_frame_top"}
			}
		},
		{
			"name": "cube6",
			"from": [10, 13, 13.5],
			"to": [11.5, 13.25, 14.5],
			"faces": {
				"north": {"uv": [10, 13.5, 11.5, 13.75], "texture": "#end_portal_frame_top"},
				"east": {"uv": [11, 13.5, 11.25, 14.5], "rotation": 90, "texture": "#end_portal_frame_top"},
				"south": {"uv": [10, 14, 11.5, 14.25], "texture": "#end_portal_frame_top"},
				"west": {"uv": [10, 13.5, 10.25, 14.5], "rotation": 90, "texture": "#end_portal_frame_top"},
				"up": {"uv": [10, 13.5, 11.5, 14.5], "texture": "#end_portal_frame_top"}
			}
		},
		{
			"name": "cube7",
			"from": [4.5, 13, 1.5],
			"to": [6, 13.25, 2.5],
			"faces": {
				"north": {"uv": [10, 14, 11.5, 14.25], "texture": "#end_portal_frame_top"},
				"east": {"uv": [10, 13.5, 10.25, 14.5], "rotation": 90, "texture": "#end_portal_frame_top"},
				"south": {"uv": [10, 13.5, 11.5, 13.75], "texture": "#end_portal_frame_top"},
				"west": {"uv": [11, 13.5, 11.25, 14.5], "rotation": 90, "texture": "#end_portal_frame_top"},
				"up": {"uv": [10, 13.5, 11.5, 14.5], "rotation": 180, "texture": "#end_portal_frame_top"}
			}
		},
		{
			"name": "cube17",
			"from": [0, 13, 0],
			"to": [16, 13.5, 1],
			"faces": {
				"north": {"uv": [0, 3, 16, 3.5], "texture": "#end_portal_frame_side"},
				"south": {"uv": [0, 0.5, 16, 1], "texture": "#end_portal_frame_top"},
				"up": {"uv": [0, 0, 16, 1], "texture": "#end_portal_frame_top"}
			}
		},
		{
			"name": "cube18",
			"from": [15, 13, 0],
			"to": [16, 13.5, 16],
			"faces": {
				"east": {"uv": [0, 3, 16, 3.5], "texture": "#end_portal_frame_side"},
				"west": {"uv": [15, 0, 15.5, 16], "rotation": 90, "texture": "#end_portal_frame_top"},
				"up": {"uv": [15, 0, 16, 16], "texture": "#end_portal_frame_top"}
			}
		},
		{
			"name": "cube19",
			"from": [0, 13, 15],
			"to": [16, 13.5, 16],
			"faces": {
				"north": {"uv": [0, 15, 16, 15.5], "texture": "#end_portal_frame_top"},
				"south": {"uv": [0, 3, 16, 3.5], "texture": "#end_portal_frame_side"},
				"up": {"uv": [0, 15, 16, 16], "texture": "#end_portal_frame_top"}
			}
		},
		{
			"name": "cube20",
			"from": [0, 13, 0],
			"to": [1, 13.5, 16],
			"faces": {
				"east": {"uv": [0.5, 0, 1, 16], "rotation": 90, "texture": "#end_portal_frame_top"},
				"west": {"uv": [0, 3, 16, 3.5], "texture": "#end_portal_frame_side"},
				"up": {"uv": [0, 0, 1, 16], "texture": "#end_portal_frame_top"}
			}
		},
		{
			"name": "cube21",
			"from": [0, 12, -0.5],
			"to": [16, 13, 0],
			"faces": {
				"north": {"uv": [0, 3, 16, 4], "texture": "#end_portal_frame_side"},
				"east": {"uv": [0, 3, 0.5, 4], "texture": "#end_portal_frame_side"},
				"west": {"uv": [15.5, 3, 16, 4], "texture": "#end_portal_frame_side"},
				"up": {"uv": [0, 3, 16, 3.5], "texture": "#end_portal_frame_side"},
				"down": {"uv": [0, 3.5, 16, 4], "texture": "#end_portal_frame_side"}
			}
		},
		{
			"name": "cube22",
			"from": [-0.5, 12, 0],
			"to": [0, 13, 16],
			"faces": {
				"north": {"uv": [0, 3, 0.5, 4], "texture": "#end_portal_frame_side"},
				"south": {"uv": [15.5, 3, 16, 4], "texture": "#end_portal_frame_side"},
				"west": {"uv": [0, 3, 16, 4], "texture": "#end_portal_frame_side"},
				"up": {"uv": [0, 3, 16, 3.5], "rotation": 270, "texture": "#end_portal_frame_side"},
				"down": {"uv": [0, 3.5, 16, 4], "rotation": 90, "texture": "#end_portal_frame_side"}
			}
		},
		{
			"name": "cube23",
			"from": [0, 12, 16],
			"to": [16, 13, 16.5],
			"faces": {
				"east": {"uv": [15.5, 3, 16, 4], "texture": "#end_portal_frame_side"},
				"south": {"uv": [0, 3, 16, 4], "texture": "#end_portal_frame_side"},
				"west": {"uv": [0, 3, 0.5, 4], "texture": "#end_portal_frame_side"},
				"up": {"uv": [0, 3, 16, 3.5], "rotation": 180, "texture": "#end_portal_frame_side"},
				"down": {"uv": [0, 3.5, 16, 4], "rotation": 180, "texture": "#end_portal_frame_side"}
			}
		},
		{
			"name": "cube24",
			"from": [16, 12, 0],
			"to": [16.5, 13, 16],
			"faces": {
				"north": {"uv": [15.5, 3, 16, 4], "texture": "#end_portal_frame_side"},
				"east": {"uv": [0, 3, 16, 4], "texture": "#end_portal_frame_side"},
				"south": {"uv": [0, 3, 0.5, 4], "texture": "#end_portal_frame_side"},
				"up": {"uv": [0, 3, 16, 3.5], "rotation": 90, "texture": "#end_portal_frame_side"},
				"down": {"uv": [0, 3.5, 16, 4], "rotation": 270, "texture": "#end_portal_frame_side"}
			}
		},
		{
			"name": "cube22",
			"from": [15, 10, -0.5],
			"to": [16, 12, 0],
			"faces": {
				"north": {"uv": [0, 4, 1, 6], "texture": "#end_portal_frame_side"},
				"east": {"uv": [0, 4, 0.5, 6], "texture": "#end_portal_frame_side"},
				"west": {"uv": [0.5, 4, 1, 6], "texture": "#end_portal_frame_side"},
				"up": {"uv": [0, 3, 16, 3.5], "texture": "#end_portal_frame_side"},
				"down": {"uv": [0, 3.5, 16, 4], "texture": "#end_portal_frame_side"}
			}
		},
		{
			"name": "cube23",
			"from": [-0.5, 10, 0],
			"to": [0, 12, 1],
			"faces": {
				"north": {"uv": [0, 4, 0.5, 6], "texture": "#end_portal_frame_side"},
				"south": {"uv": [0.5, 4, 1, 6], "texture": "#end_portal_frame_side"},
				"west": {"uv": [0, 4, 1, 6], "texture": "#end_portal_frame_side"},
				"up": {"uv": [0, 3, 16, 3.5], "rotation": 270, "texture": "#end_portal_frame_side"},
				"down": {"uv": [0, 3.5, 16, 4], "rotation": 90, "texture": "#end_portal_frame_side"}
			}
		},
		{
			"name": "cube24",
			"from": [0, 10, 16],
			"to": [1, 12, 16.5],
			"faces": {
				"east": {"uv": [0.5, 4, 1, 6], "texture": "#end_portal_frame_side"},
				"south": {"uv": [0, 4, 1, 6], "texture": "#end_portal_frame_side"},
				"west": {"uv": [0, 4, 0.5, 6], "texture": "#end_portal_frame_side"},
				"up": {"uv": [0, 3, 16, 3.5], "rotation": 180, "texture": "#end_portal_frame_side"},
				"down": {"uv": [0, 3.5, 16, 4], "rotation": 180, "texture": "#end_portal_frame_side"}
			}
		},
		{
			"name": "cube25",
			"from": [16, 10, 15],
			"to": [16.5, 12, 16],
			"faces": {
				"north": {"uv": [0.5, 4, 1, 6], "texture": "#end_portal_frame_side"},
				"east": {"uv": [0, 4, 1, 6], "texture": "#end_portal_frame_side"},
				"south": {"uv": [0, 4, 0.5, 6], "texture": "#end_portal_frame_side"},
				"up": {"uv": [0, 3, 16, 3.5], "rotation": 90, "texture": "#end_portal_frame_side"},
				"down": {"uv": [0, 3.5, 16, 4], "rotation": 270, "texture": "#end_portal_frame_side"}
			}
		},
		{
			"name": "cube23",
			"from": [15.5, 9, -0.5],
			"to": [16, 10, 0],
			"faces": {
				"north": {"uv": [0, 6, 0.5, 7], "texture": "#end_portal_frame_side"},
				"east": {"uv": [0, 6, 0.5, 7], "texture": "#end_portal_frame_side"},
				"west": {"uv": [0, 6, 0.5, 7], "texture": "#end_portal_frame_side"},
				"up": {"uv": [0, 3, 16, 3.5], "texture": "#end_portal_frame_side"},
				"down": {"uv": [0, 3.5, 16, 4], "texture": "#end_portal_frame_side"}
			}
		},
		{
			"name": "cube24",
			"from": [-0.5, 9, 0],
			"to": [0, 10, 0.5],
			"faces": {
				"north": {"uv": [0, 6, 0.5, 7], "texture": "#end_portal_frame_side"},
				"south": {"uv": [0, 6, 0.5, 7], "texture": "#end_portal_frame_side"},
				"west": {"uv": [0, 6, 0.5, 7], "texture": "#end_portal_frame_side"},
				"up": {"uv": [0, 3, 16, 3.5], "rotation": 270, "texture": "#end_portal_frame_side"},
				"down": {"uv": [0, 3.5, 16, 4], "rotation": 90, "texture": "#end_portal_frame_side"}
			}
		},
		{
			"name": "cube25",
			"from": [0, 9, 16],
			"to": [0.5, 10, 16.5],
			"faces": {
				"east": {"uv": [0, 6, 0.5, 7], "texture": "#end_portal_frame_side"},
				"south": {"uv": [0, 6, 0.5, 7], "texture": "#end_portal_frame_side"},
				"west": {"uv": [0, 6, 0.5, 7], "texture": "#end_portal_frame_side"},
				"up": {"uv": [0, 3, 16, 3.5], "rotation": 180, "texture": "#end_portal_frame_side"},
				"down": {"uv": [0, 3.5, 16, 4], "rotation": 180, "texture": "#end_portal_frame_side"}
			}
		},
		{
			"name": "cube26",
			"from": [16, 9, 15.5],
			"to": [16.5, 10, 16],
			"faces": {
				"north": {"uv": [0, 6, 0.5, 7], "texture": "#end_portal_frame_side"},
				"east": {"uv": [0, 6, 0.5, 7], "texture": "#end_portal_frame_side"},
				"south": {"uv": [0, 6, 0.5, 7], "texture": "#end_portal_frame_side"},
				"up": {"uv": [0, 3, 16, 3.5], "rotation": 90, "texture": "#end_portal_frame_side"},
				"down": {"uv": [0, 3.5, 16, 4], "rotation": 270, "texture": "#end_portal_frame_side"}
			}
		},
		{
			"name": "cube24",
			"from": [0, 9, -0.5],
			"to": [0.5, 10, 0],
			"faces": {
				"north": {"uv": [0, 6, 0.5, 7], "texture": "#end_portal_frame_side"},
				"east": {"uv": [0, 6, 0.5, 7], "texture": "#end_portal_frame_side"},
				"west": {"uv": [0, 6, 0.5, 7], "texture": "#end_portal_frame_side"},
				"up": {"uv": [0, 3, 16, 3.5], "texture": "#end_portal_frame_side"},
				"down": {"uv": [0, 3.5, 16, 4], "texture": "#end_portal_frame_side"}
			}
		},
		{
			"name": "cube25",
			"from": [-0.5, 9, 15.5],
			"to": [0, 10, 16],
			"faces": {
				"north": {"uv": [0, 6, 0.5, 7], "texture": "#end_portal_frame_side"},
				"south": {"uv": [0, 6, 0.5, 7], "texture": "#end_portal_frame_side"},
				"west": {"uv": [0, 6, 0.5, 7], "texture": "#end_portal_frame_side"},
				"up": {"uv": [0, 3, 16, 3.5], "rotation": 270, "texture": "#end_portal_frame_side"},
				"down": {"uv": [0, 3.5, 16, 4], "rotation": 90, "texture": "#end_portal_frame_side"}
			}
		},
		{
			"name": "cube26",
			"from": [15.5, 9, 16],
			"to": [16, 10, 16.5],
			"faces": {
				"east": {"uv": [0, 6, 0.5, 7], "texture": "#end_portal_frame_side"},
				"south": {"uv": [0, 6, 0.5, 7], "texture": "#end_portal_frame_side"},
				"west": {"uv": [0, 6, 0.5, 7], "texture": "#end_portal_frame_side"},
				"up": {"uv": [0, 3, 16, 3.5], "rotation": 180, "texture": "#end_portal_frame_side"},
				"down": {"uv": [0, 3.5, 16, 4], "rotation": 180, "texture": "#end_portal_frame_side"}
			}
		},
		{
			"name": "cube27",
			"from": [16, 9, 0],
			"to": [16.5, 10, 0.5],
			"faces": {
				"north": {"uv": [0, 6, 0.5, 7], "texture": "#end_portal_frame_side"},
				"east": {"uv": [0, 6, 0.5, 7], "texture": "#end_portal_frame_side"},
				"south": {"uv": [0, 6, 0.5, 7], "texture": "#end_portal_frame_side"},
				"up": {"uv": [0, 3, 16, 3.5], "rotation": 90, "texture": "#end_portal_frame_side"},
				"down": {"uv": [0, 3.5, 16, 4], "rotation": 270, "texture": "#end_portal_frame_side"}
			}
		},
		{
			"name": "cube23",
			"from": [0, 10, -0.5],
			"to": [1, 12, 0],
			"faces": {
				"north": {"uv": [0, 4, 1, 6], "texture": "#end_portal_frame_side"},
				"east": {"uv": [0, 4, 0.5, 6], "texture": "#end_portal_frame_side"},
				"west": {"uv": [0.5, 4, 1, 6], "texture": "#end_portal_frame_side"},
				"up": {"uv": [0, 3, 16, 3.5], "texture": "#end_portal_frame_side"},
				"down": {"uv": [0, 3.5, 16, 4], "texture": "#end_portal_frame_side"}
			}
		},
		{
			"name": "cube24",
			"from": [-0.5, 10, 15],
			"to": [0, 12, 16],
			"faces": {
				"north": {"uv": [0, 4, 0.5, 6], "texture": "#end_portal_frame_side"},
				"south": {"uv": [0.5, 4, 1, 6], "texture": "#end_portal_frame_side"},
				"west": {"uv": [0, 4, 1, 6], "texture": "#end_portal_frame_side"},
				"up": {"uv": [0, 3, 16, 3.5], "rotation": 270, "texture": "#end_portal_frame_side"},
				"down": {"uv": [0, 3.5, 16, 4], "rotation": 90, "texture": "#end_portal_frame_side"}
			}
		},
		{
			"name": "cube25",
			"from": [15, 10, 16],
			"to": [16, 12, 16.5],
			"faces": {
				"east": {"uv": [0.5, 4, 1, 6], "texture": "#end_portal_frame_side"},
				"south": {"uv": [0, 4, 1, 6], "texture": "#end_portal_frame_side"},
				"west": {"uv": [0, 4, 0.5, 6], "texture": "#end_portal_frame_side"},
				"up": {"uv": [0, 3, 16, 3.5], "rotation": 180, "texture": "#end_portal_frame_side"},
				"down": {"uv": [0, 3.5, 16, 4], "rotation": 180, "texture": "#end_portal_frame_side"}
			}
		},
		{
			"name": "cube26",
			"from": [16, 10, 0],
			"to": [16.5, 12, 1],
			"faces": {
				"north": {"uv": [0.5, 4, 1, 6], "texture": "#end_portal_frame_side"},
				"east": {"uv": [0, 4, 1, 6], "texture": "#end_portal_frame_side"},
				"south": {"uv": [0, 4, 0.5, 6], "texture": "#end_portal_frame_side"},
				"up": {"uv": [0, 3, 16, 3.5], "rotation": 90, "texture": "#end_portal_frame_side"},
				"down": {"uv": [0, 3.5, 16, 4], "rotation": 270, "texture": "#end_portal_frame_side"}
			}
		}
	]
}