{
	"credit": "Made with Blockbench by Juknum",
	"parent": "block/block",
	"textures": {
		"1": "block/infested"
	},
	"elements": [
		{
			"name": "layer",
			"from": [6, 10.5, -0.5],
			"to": [10, 11.5, 0],
			"rotation": {"angle": 0, "axis": "y", "origin": [8, 7.5, 8]},
			"faces": {
				"north": {"uv": [0, 0, 4, 1], "texture": "#1", "cullface": "north"},
				"east": {"uv": [0, 0, 0.5, 1], "texture": "#1", "cullface": "north"},
				"west": {"uv": [0, 0, 0.5, 1], "texture": "#1", "cullface": "north"},
				"up": {"uv": [0, 0, 4, 0.5], "texture": "#1", "cullface": "north"},
				"down": {"uv": [0, 0, 4, 0.5], "texture": "#1", "cullface": "north"}
			}
		},
		{
			"name": "layer",
			"from": [6, 16, 11],
			"to": [10, 16.5, 12],
			"faces": {
				"north": {"uv": [0, 0, 4, 0.5], "rotation": 180, "texture": "#1", "cullface": "up"},
				"east": {"uv": [0, 0, 0.5, 1], "rotation": 270, "texture": "#1", "cullface": "up"},
				"south": {"uv": [0, 0, 4, 0.5], "texture": "#1", "cullface": "up"},
				"west": {"uv": [0, 0, 0.5, 1], "rotation": 90, "texture": "#1", "cullface": "up"},
				"up": {"uv": [0, 0, 4, 1], "rotation": 180, "texture": "#1", "cullface": "up"}
			}
		},
		{
			"name": "layer",
			"from": [6, -0.5, 4],
			"to": [10, 0, 5],
			"faces": {
				"north": {"uv": [0, 0, 4, 0.5], "rotation": 180, "texture": "#1", "cullface": "down"},
				"east": {"uv": [0, 0, 0.5, 1], "rotation": 90, "texture": "#1", "cullface": "down"},
				"south": {"uv": [0, 0, 4, 0.5], "texture": "#1", "cullface": "down"},
				"west": {"uv": [0, 0, 0.5, 1], "rotation": 270, "texture": "#1", "cullface": "down"},
				"down": {"uv": [0, 0, 4, 1], "rotation": 180, "texture": "#1", "cullface": "down"}
			}
		},
		{
			"name": "layer",
			"from": [-0.5, 10.5, 6],
			"to": [0, 11.5, 10],
			"rotation": {"angle": 0, "axis": "y", "origin": [8, 7.5, 8]},
			"faces": {
				"north": {"uv": [0, 0, 0.5, 1], "texture": "#1", "cullface": "west"},
				"south": {"uv": [0, 0, 0.5, 1], "texture": "#1", "cullface": "west"},
				"west": {"uv": [0, 0, 4, 1], "texture": "#1", "cullface": "west"},
				"up": {"uv": [0, 0, 4, 0.5], "rotation": 270, "texture": "#1", "cullface": "west"},
				"down": {"uv": [0, 0, 4, 0.5], "rotation": 90, "texture": "#1", "cullface": "west"}
			}
		},
		{
			"name": "layer",
			"from": [6, 10.5, 16],
			"to": [10, 11.5, 16.5],
			"rotation": {"angle": 0, "axis": "y", "origin": [8, 7.5, 8]},
			"faces": {
				"east": {"uv": [0, 0, 0.5, 1], "texture": "#1", "cullface": "south"},
				"south": {"uv": [0, 0, 4, 1], "texture": "#1", "cullface": "south"},
				"west": {"uv": [0, 0, 0.5, 1], "texture": "#1", "cullface": "south"},
				"up": {"uv": [0, 0, 4, 0.5], "rotation": 180, "texture": "#1", "cullface": "south"},
				"down": {"uv": [0, 0, 4, 0.5], "rotation": 180, "texture": "#1", "cullface": "south"}
			}
		},
		{
			"name": "layer",
			"from": [16, 10.5, 6],
			"to": [16.5, 11.5, 10],
			"rotation": {"angle": 0, "axis": "y", "origin": [8, 7.5, 8]},
			"faces": {
				"north": {"uv": [0, 0, 0.5, 1], "texture": "#1", "cullface": "east"},
				"east": {"uv": [0, 0, 4, 1], "texture": "#1", "cullface": "east"},
				"south": {"uv": [0, 0, 0.5, 1], "texture": "#1", "cullface": "east"},
				"up": {"uv": [0, 0, 4, 0.5], "rotation": 90, "texture": "#1", "cullface": "east"},
				"down": {"uv": [0, 0, 4, 1], "rotation": 270, "texture": "#1", "cullface": "east"}
			}
		},
		{
			"name": "layer",
			"from": [6, 7.5, -0.5],
			"to": [10, 8.5, 0],
			"rotation": {"angle": 0, "axis": "y", "origin": [8, 7.5, 8]},
			"faces": {
				"north": {"uv": [0, 0, 4, 1], "texture": "#1", "cullface": "north"},
				"east": {"uv": [0, 0, 0.5, 1], "texture": "#1", "cullface": "north"},
				"west": {"uv": [0, 0, 0.5, 1], "texture": "#1", "cullface": "north"},
				"up": {"uv": [0, 0, 4, 0.5], "texture": "#1", "cullface": "north"},
				"down": {"uv": [0, 0, 4, 0.5], "texture": "#1", "cullface": "north"}
			}
		},
		{
			"name": "layer",
			"from": [6, 16, 8],
			"to": [10, 16.5, 9],
			"faces": {
				"north": {"uv": [0, 0, 4, 0.5], "rotation": 180, "texture": "#1", "cullface": "up"},
				"east": {"uv": [0, 0, 0.5, 1], "rotation": 270, "texture": "#1", "cullface": "up"},
				"south": {"uv": [0, 0, 4, 0.5], "texture": "#1", "cullface": "up"},
				"west": {"uv": [0, 0, 0.5, 1], "rotation": 90, "texture": "#1", "cullface": "up"},
				"up": {"uv": [0, 0, 4, 1], "rotation": 180, "texture": "#1", "cullface": "up"}
			}
		},
		{
			"name": "layer",
			"from": [6, -0.5, 7],
			"to": [10, 0, 8],
			"faces": {
				"north": {"uv": [0, 0, 4, 0.5], "rotation": 180, "texture": "#1", "cullface": "down"},
				"east": {"uv": [0, 0, 0.5, 1], "rotation": 90, "texture": "#1", "cullface": "down"},
				"south": {"uv": [0, 0, 4, 0.5], "texture": "#1", "cullface": "down"},
				"west": {"uv": [0, 0, 0.5, 1], "rotation": 270, "texture": "#1", "cullface": "down"},
				"down": {"uv": [0, 0, 4, 1], "rotation": 180, "texture": "#1", "cullface": "down"}
			}
		},
		{
			"name": "layer",
			"from": [-0.5, 7.5, 6],
			"to": [0, 8.5, 10],
			"rotation": {"angle": 0, "axis": "y", "origin": [8, 7.5, 8]},
			"faces": {
				"north": {"uv": [0, 0, 0.5, 1], "texture": "#1", "cullface": "west"},
				"south": {"uv": [0, 0, 0.5, 1], "texture": "#1", "cullface": "west"},
				"west": {"uv": [0, 0, 4, 1], "texture": "#1", "cullface": "west"},
				"up": {"uv": [0, 0, 4, 0.5], "rotation": 270, "texture": "#1", "cullface": "west"},
				"down": {"uv": [0, 0, 4, 0.5], "rotation": 90, "texture": "#1", "cullface": "west"}
			}
		},
		{
			"name": "layer",
			"from": [6, 7.5, 16],
			"to": [10, 8.5, 16.5],
			"rotation": {"angle": 0, "axis": "y", "origin": [8, 7.5, 8]},
			"faces": {
				"east": {"uv": [0, 0, 0.5, 1], "texture": "#1", "cullface": "south"},
				"south": {"uv": [0, 0, 4, 1], "texture": "#1", "cullface": "south"},
				"west": {"uv": [0, 0, 0.5, 1], "texture": "#1", "cullface": "south"},
				"up": {"uv": [0, 0, 4, 0.5], "rotation": 180, "texture": "#1", "cullface": "south"},
				"down": {"uv": [0, 0, 4, 0.5], "rotation": 180, "texture": "#1", "cullface": "south"}
			}
		},
		{
			"name": "layer",
			"from": [16, 7.5, 6],
			"to": [16.5, 8.5, 10],
			"rotation": {"angle": 0, "axis": "y", "origin": [8, 7.5, 8]},
			"faces": {
				"north": {"uv": [0, 0, 0.5, 1], "texture": "#1", "cullface": "east"},
				"east": {"uv": [0, 0, 4, 1], "texture": "#1", "cullface": "east"},
				"south": {"uv": [0, 0, 0.5, 1], "texture": "#1", "cullface": "east"},
				"up": {"uv": [0, 0, 4, 0.5], "rotation": 90, "texture": "#1", "cullface": "east"},
				"down": {"uv": [0, 0, 4, 1], "rotation": 270, "texture": "#1", "cullface": "east"}
			}
		},
		{
			"name": "layer",
			"from": [6, 4.5, -0.5],
			"to": [10, 5.5, 0],
			"rotation": {"angle": 0, "axis": "y", "origin": [8, 7.5, 8]},
			"faces": {
				"north": {"uv": [0, 0, 4, 1], "texture": "#1", "cullface": "north"},
				"east": {"uv": [0, 0, 0.5, 1], "texture": "#1", "cullface": "north"},
				"west": {"uv": [0, 0, 0.5, 1], "texture": "#1", "cullface": "north"},
				"up": {"uv": [0, 0, 4, 0.5], "texture": "#1", "cullface": "north"},
				"down": {"uv": [0, 0, 4, 0.5], "texture": "#1", "cullface": "north"}
			}
		},
		{
			"name": "layer",
			"from": [6, 16, 5],
			"to": [10, 16.5, 6],
			"faces": {
				"north": {"uv": [0, 0, 4, 0.5], "rotation": 180, "texture": "#1", "cullface": "up"},
				"east": {"uv": [0, 0, 0.5, 1], "rotation": 270, "texture": "#1", "cullface": "up"},
				"south": {"uv": [0, 0, 4, 0.5], "texture": "#1", "cullface": "up"},
				"west": {"uv": [0, 0, 0.5, 1], "rotation": 90, "texture": "#1", "cullface": "up"},
				"up": {"uv": [0, 0, 4, 1], "rotation": 180, "texture": "#1", "cullface": "up"}
			}
		},
		{
			"name": "layer",
			"from": [6, -0.5, 10],
			"to": [10, 0, 11],
			"faces": {
				"north": {"uv": [0, 0, 4, 0.5], "rotation": 180, "texture": "#1", "cullface": "down"},
				"east": {"uv": [0, 0, 0.5, 1], "rotation": 90, "texture": "#1", "cullface": "down"},
				"south": {"uv": [0, 0, 4, 0.5], "texture": "#1", "cullface": "down"},
				"west": {"uv": [0, 0, 0.5, 1], "rotation": 270, "texture": "#1", "cullface": "down"},
				"down": {"uv": [0, 0, 4, 1], "rotation": 180, "texture": "#1", "cullface": "down"}
			}
		},
		{
			"name": "layer",
			"from": [-0.5, 4.5, 6],
			"to": [0, 5.5, 10],
			"rotation": {"angle": 0, "axis": "y", "origin": [8, 7.5, 8]},
			"faces": {
				"north": {"uv": [0, 0, 0.5, 1], "texture": "#1", "cullface": "west"},
				"south": {"uv": [0, 0, 0.5, 1], "texture": "#1", "cullface": "west"},
				"west": {"uv": [0, 0, 4, 1], "texture": "#1", "cullface": "west"},
				"up": {"uv": [0, 0, 4, 0.5], "rotation": 270, "texture": "#1", "cullface": "west"},
				"down": {"uv": [0, 0, 4, 0.5], "rotation": 90, "texture": "#1", "cullface": "west"}
			}
		},
		{
			"name": "layer",
			"from": [6, 4.5, 16],
			"to": [10, 5.5, 16.5],
			"rotation": {"angle": 0, "axis": "y", "origin": [8, 7.5, 8]},
			"faces": {
				"east": {"uv": [0, 0, 0.5, 1], "texture": "#1", "cullface": "south"},
				"south": {"uv": [0, 0, 4, 1], "texture": "#1", "cullface": "south"},
				"west": {"uv": [0, 0, 0.5, 1], "texture": "#1", "cullface": "south"},
				"up": {"uv": [0, 0, 4, 0.5], "rotation": 180, "texture": "#1", "cullface": "south"},
				"down": {"uv": [0, 0, 4, 0.5], "rotation": 180, "texture": "#1", "cullface": "south"}
			}
		},
		{
			"name": "layer",
			"from": [16, 4.5, 6],
			"to": [16.5, 5.5, 10],
			"rotation": {"angle": 0, "axis": "y", "origin": [8, 7.5, 8]},
			"faces": {
				"north": {"uv": [0, 0, 0.5, 1], "texture": "#1", "cullface": "east"},
				"east": {"uv": [0, 0, 4, 1], "texture": "#1", "cullface": "east"},
				"south": {"uv": [0, 0, 0.5, 1], "texture": "#1", "cullface": "east"},
				"up": {"uv": [0, 0, 4, 0.5], "rotation": 90, "texture": "#1", "cullface": "east"},
				"down": {"uv": [0, 0, 4, 1], "rotation": 270, "texture": "#1", "cullface": "east"}
			}
		},
		{
			"name": "layer",
			"from": [10, 8.5, -0.5],
			"to": [11, 10.5, 0],
			"rotation": {"angle": 0, "axis": "z", "origin": [8, 7.5, 8]},
			"faces": {
				"north": {"uv": [0, 0, 1, 2], "texture": "#1", "cullface": "north"},
				"east": {"uv": [0, 0, 0.5, 2], "texture": "#1", "cullface": "north"},
				"west": {"uv": [0, 0, 0.5, 2], "texture": "#1", "cullface": "north"},
				"up": {"uv": [0, 0, 1, 0.5], "texture": "#1", "cullface": "north"},
				"down": {"uv": [0, 0, 1, 0.5], "texture": "#1", "cullface": "north"}
			}
		},
		{
			"name": "layer",
			"from": [10, 16, 9],
			"to": [11, 16.5, 11],
			"faces": {
				"north": {"uv": [0, 0, 1, 0.5], "rotation": 180, "texture": "#1", "cullface": "up"},
				"east": {"uv": [0, 0, 0.5, 2], "rotation": 270, "texture": "#1", "cullface": "up"},
				"south": {"uv": [0, 0, 1, 0.5], "texture": "#1", "cullface": "up"},
				"west": {"uv": [0, 0, 0.5, 2], "rotation": 90, "texture": "#1", "cullface": "up"},
				"up": {"uv": [0, 0, 1, 2], "rotation": 180, "texture": "#1", "cullface": "up"}
			}
		},
		{
			"name": "layer",
			"from": [10, -0.5, 5],
			"to": [11, 0, 7],
			"faces": {
				"north": {"uv": [0, 0, 1, 0.5], "rotation": 180, "texture": "#1", "cullface": "down"},
				"east": {"uv": [0, 0, 0.5, 2], "rotation": 90, "texture": "#1", "cullface": "down"},
				"south": {"uv": [0, 0, 1, 0.5], "texture": "#1", "cullface": "down"},
				"west": {"uv": [0, 0, 0.5, 2], "rotation": 270, "texture": "#1", "cullface": "down"},
				"down": {"uv": [0, 0, 1, 2], "rotation": 180, "texture": "#1", "cullface": "down"}
			}
		},
		{
			"name": "layer",
			"from": [-0.5, 8.5, 5],
			"to": [0, 10.5, 6],
			"rotation": {"angle": 0, "axis": "y", "origin": [8, 7.5, 8]},
			"faces": {
				"north": {"uv": [0, 0, 0.5, 2], "texture": "#1", "cullface": "west"},
				"south": {"uv": [0, 0, 0.5, 2], "texture": "#1", "cullface": "west"},
				"west": {"uv": [0, 0, 1, 2], "texture": "#1", "cullface": "west"},
				"up": {"uv": [0, 0, 1, 0.5], "rotation": 270, "texture": "#1", "cullface": "west"},
				"down": {"uv": [0, 0, 1, 0.5], "rotation": 90, "texture": "#1", "cullface": "west"}
			}
		},
		{
			"name": "layer",
			"from": [5, 8.5, 16],
			"to": [6, 10.5, 16.5],
			"rotation": {"angle": 0, "axis": "y", "origin": [8, 7.5, 8]},
			"faces": {
				"east": {"uv": [0, 0, 0.5, 2], "texture": "#1", "cullface": "south"},
				"south": {"uv": [0, 0, 1, 2], "texture": "#1", "cullface": "south"},
				"west": {"uv": [0, 0, 0.5, 2], "texture": "#1", "cullface": "south"},
				"up": {"uv": [0, 0, 1, 0.5], "rotation": 180, "texture": "#1", "cullface": "south"},
				"down": {"uv": [0, 0, 1, 0.5], "rotation": 180, "texture": "#1", "cullface": "south"}
			}
		},
		{
			"name": "layer",
			"from": [16, 8.5, 10],
			"to": [16.5, 10.5, 11],
			"rotation": {"angle": 0, "axis": "y", "origin": [8, 7.5, 8]},
			"faces": {
				"north": {"uv": [0, 0, 0.5, 2], "texture": "#1", "cullface": "east"},
				"east": {"uv": [0, 0, 1, 2], "texture": "#1", "cullface": "east"},
				"south": {"uv": [0, 0, 0.5, 2], "texture": "#1", "cullface": "east"},
				"up": {"uv": [0, 0, 1, 0.5], "rotation": 90, "texture": "#1", "cullface": "east"},
				"down": {"uv": [0, 0, 4, 1], "rotation": 270, "texture": "#1", "cullface": "east"}
			}
		},
		{
			"name": "layer",
			"from": [5, 5.5, -0.5],
			"to": [6, 7.5, 0],
			"rotation": {"angle": 0, "axis": "y", "origin": [8, 7.5, 8]},
			"faces": {
				"north": {"uv": [0, 0, 1, 2], "texture": "#1", "cullface": "north"},
				"east": {"uv": [0, 0, 0.5, 2], "texture": "#1", "cullface": "north"},
				"west": {"uv": [0, 0, 0.5, 2], "texture": "#1", "cullface": "north"},
				"up": {"uv": [0, 0, 1, 0.5], "texture": "#1", "cullface": "north"},
				"down": {"uv": [0, 0, 1, 0.5], "texture": "#1", "cullface": "north"}
			}
		},
		{
			"name": "layer",
			"from": [5, 16, 6],
			"to": [6, 16.5, 8],
			"faces": {
				"north": {"uv": [0, 0, 1, 0.5], "rotation": 180, "texture": "#1", "cullface": "up"},
				"east": {"uv": [0, 0, 0.5, 2], "rotation": 270, "texture": "#1", "cullface": "up"},
				"south": {"uv": [0, 0, 1, 0.5], "texture": "#1", "cullface": "up"},
				"west": {"uv": [0, 0, 0.5, 2], "rotation": 90, "texture": "#1", "cullface": "up"},
				"up": {"uv": [0, 0, 1, 2], "rotation": 180, "texture": "#1", "cullface": "up"}
			}
		},
		{
			"name": "layer",
			"from": [5, -0.5, 8],
			"to": [6, 0, 10],
			"faces": {
				"north": {"uv": [0, 0, 1, 0.5], "rotation": 180, "texture": "#1", "cullface": "down"},
				"east": {"uv": [0, 0, 0.5, 2], "rotation": 90, "texture": "#1", "cullface": "down"},
				"south": {"uv": [0, 0, 1, 0.5], "texture": "#1", "cullface": "down"},
				"west": {"uv": [0, 0, 0.5, 2], "rotation": 270, "texture": "#1", "cullface": "down"},
				"down": {"uv": [0, 0, 1, 2], "rotation": 180, "texture": "#1", "cullface": "down"}
			}
		},
		{
			"name": "layer",
			"from": [-0.5, 5.5, 10],
			"to": [0, 7.5, 11],
			"rotation": {"angle": 0, "axis": "y", "origin": [8, 7.5, 8]},
			"faces": {
				"north": {"uv": [0, 0, 0.5, 2], "texture": "#1", "cullface": "west"},
				"south": {"uv": [0, 0, 0.5, 2], "texture": "#1", "cullface": "west"},
				"west": {"uv": [0, 0, 1, 2], "texture": "#1", "cullface": "west"},
				"up": {"uv": [0, 0, 1, 0.5], "rotation": 270, "texture": "#1", "cullface": "west"},
				"down": {"uv": [0, 0, 1, 0.5], "rotation": 90, "texture": "#1", "cullface": "west"}
			}
		},
		{
			"name": "layer",
			"from": [10, 5.5, 16],
			"to": [11, 7.5, 16.5],
			"rotation": {"angle": 0, "axis": "y", "origin": [8, 7.5, 8]},
			"faces": {
				"east": {"uv": [0, 0, 0.5, 2], "texture": "#1", "cullface": "south"},
				"south": {"uv": [0, 0, 1, 2], "texture": "#1", "cullface": "south"},
				"west": {"uv": [0, 0, 0.5, 2], "texture": "#1", "cullface": "south"},
				"up": {"uv": [0, 0, 1, 0.5], "rotation": 180, "texture": "#1", "cullface": "south"},
				"down": {"uv": [0, 0, 1, 0.5], "rotation": 180, "texture": "#1", "cullface": "south"}
			}
		},
		{
			"name": "layer",
			"from": [16, 5.5, 5],
			"to": [16.5, 7.5, 6],
			"rotation": {"angle": 0, "axis": "y", "origin": [8, 7.5, 8]},
			"faces": {
				"north": {"uv": [0, 0, 0.5, 2], "texture": "#1", "cullface": "east"},
				"east": {"uv": [0, 0, 1, 2], "texture": "#1", "cullface": "east"},
				"south": {"uv": [0, 0, 0.5, 2], "texture": "#1", "cullface": "east"},
				"up": {"uv": [0, 0, 1, 0.5], "rotation": 90, "texture": "#1", "cullface": "east"},
				"down": {"uv": [0, 0, 4, 1], "rotation": 270, "texture": "#1", "cullface": "east"}
			}
		},
		{
			"name": "layer",
			"from": [5, 5.5, -0.5],
			"to": [6, 7.5, 0],
			"rotation": {"angle": 0, "axis": "z", "origin": [8, 7.5, 8]},
			"faces": {
				"north": {"uv": [0, 0, 1, 2], "texture": "#1", "cullface": "north"},
				"east": {"uv": [0, 0, 0.5, 2], "texture": "#1", "cullface": "north"},
				"west": {"uv": [0, 0, 0.5, 2], "texture": "#1", "cullface": "north"},
				"up": {"uv": [0, 0, 1, 0.5], "texture": "#1", "cullface": "north"},
				"down": {"uv": [0, 0, 1, 0.5], "texture": "#1", "cullface": "north"}
			}
		},
		{
			"name": "layer",
			"from": [-0.5, 5.5, 10],
			"to": [0, 7.5, 11],
			"rotation": {"angle": 0, "axis": "y", "origin": [8, 7.5, 8]},
			"faces": {
				"north": {"uv": [0, 0, 0.5, 2], "texture": "#1", "cullface": "north"},
				"south": {"uv": [0, 0, 0.5, 2], "texture": "#1", "cullface": "north"},
				"west": {"uv": [0, 0, 1, 2], "texture": "#1", "cullface": "north"},
				"up": {"uv": [0, 0, 1, 0.5], "rotation": 270, "texture": "#1", "cullface": "north"},
				"down": {"uv": [0, 0, 1, 0.5], "rotation": 90, "texture": "#1", "cullface": "north"}
			}
		},
		{
			"name": "layer",
			"from": [10, 5.5, 16],
			"to": [11, 7.5, 16.5],
			"rotation": {"angle": 0, "axis": "y", "origin": [8, 7.5, 8]},
			"faces": {
				"east": {"uv": [0, 0, 0.5, 2], "texture": "#1", "cullface": "north"},
				"south": {"uv": [0, 0, 1, 2], "texture": "#1", "cullface": "north"},
				"west": {"uv": [0, 0, 0.5, 2], "texture": "#1", "cullface": "north"},
				"up": {"uv": [0, 0, 1, 0.5], "rotation": 180, "texture": "#1", "cullface": "north"},
				"down": {"uv": [0, 0, 1, 0.5], "rotation": 180, "texture": "#1", "cullface": "north"}
			}
		},
		{
			"name": "layer",
			"from": [16, 5.5, 5],
			"to": [16.5, 7.5, 6],
			"rotation": {"angle": 0, "axis": "y", "origin": [8, 7.5, 8]},
			"faces": {
				"north": {"uv": [0, 0, 0.5, 2], "texture": "#1", "cullface": "north"},
				"east": {"uv": [0, 0, 1, 2], "texture": "#1", "cullface": "north"},
				"south": {"uv": [0, 0, 0.5, 2], "texture": "#1", "cullface": "north"},
				"up": {"uv": [0, 0, 1, 0.5], "rotation": 90, "texture": "#1", "cullface": "north"},
				"down": {"uv": [0, 0, 1, 0.5], "rotation": 270, "texture": "#1", "cullface": "north"}
			}
		}
	],
	"groups": [
		{
			"name": "group",
			"origin": [8, 8, 8],
			"children": [0, 1, 2, 3, 4, 5, 6, 7, 8, 9, 10, 11, 12, 13, 14, 15, 16, 17, 18, 19, 20, 21, 22, 23, 24, 25, 26, 27, 28, 29, 30, 31, 32, 33]
		}
	]
}