{
    "variants": {
        "type=bottom": [
		    { "model": "block/mossy_stone_brick_slab" },
			{ "model": "block/mossy_stone_brick_slab/1" },
			{ "model": "block/mossy_stone_brick_slab/2" },
			{ "model": "block/mossy_stone_brick_slab/3" }
		],
        "type=top": [
		    { "model": "block/mossy_stone_brick_slab_top" },
			{ "model": "block/mossy_stone_brick_slab_top/1" },
			{ "model": "block/mossy_stone_brick_slab_top/2" },
			{ "model": "block/mossy_stone_brick_slab_top/3" }
		],
        "type=double": [
		    { "model": "block/mossy_stone_bricks" },
			{ "model": "block/mossy_stone_bricks/1" },
			{ "model": "block/mossy_stone_bricks/2" },
			{ "model": "block/mossy_stone_bricks/3" }
		]
    }
}
