{
	"parent": "block/block",
	"textures": {
		"side": "block/pumpkin_side",
		"top": "block/pumpkin_top",
		"bottom": "block/pumpkin_bottom",
		"top_2": "block/pumpkin_top_2",
		"particle": "block/pumpkin_side",
		"front": "block/carved_pumpkin2"
	},
	"elements": [
		{
			"from": [6.5, 16, 7],
			"to": [8.5, 16.5, 9],
			"rotation": {"angle": 0, "axis": "y", "origin": [14.5, 24, 15]},
			"faces": {
				"north": {"uv": [9, 8.5, 9.5, 9], "texture": "#top", "cullface": "up"},
				"east": {"uv": [7.5, 7, 8, 9], "rotation": 270, "texture": "#top", "cullface": "up"},
				"south": {"uv": [7.5, 7, 9.5, 7.5], "rotation": 180, "texture": "#top", "cullface": "up"},
				"west": {"uv": [9, 7, 9.5, 9], "rotation": 90, "texture": "#top", "cullface": "up"},
				"up": {"uv": [7.5, 7, 9.5, 9], "rotation": 180, "texture": "#top", "cullface": "up"}
			}
		},
		{
			"from": [7, 16, 6.5],
			"to": [8.5, 16.5, 7],
			"rotation": {"angle": 0, "axis": "y", "origin": [14.5, 24, 14.5]},
			"faces": {
				"north": {"uv": [7.5, 9, 9, 9.5], "texture": "#top", "cullface": "up"},
				"east": {"uv": [7.5, 9, 8, 9.5], "texture": "#top", "cullface": "up"},
				"west": {"uv": [8.5, 9, 9, 9.5], "texture": "#top", "cullface": "up"},
				"up": {"uv": [7.5, 9, 9, 9.5], "texture": "#top", "cullface": "up"}
			}
		},
		{
			"from": [7, 16.25, 7.5],
			"to": [9, 16.75, 9.5],
			"rotation": {"angle": 0, "axis": "y", "origin": [15, 24, 15.5]},
			"faces": {
				"north": {"uv": [7, 8, 9, 8.5], "texture": "#top", "cullface": "up"},
				"east": {"uv": [7, 6.5, 7.5, 8.5], "rotation": 270, "texture": "#top", "cullface": "up"},
				"south": {"uv": [7, 6.5, 9, 7], "rotation": 180, "texture": "#top", "cullface": "up"},
				"west": {"uv": [8.5, 6.5, 9, 8.5], "rotation": 90, "texture": "#top", "cullface": "up"},
				"up": {"uv": [7, 6.5, 9, 8.5], "rotation": 180, "texture": "#top", "cullface": "up"},
				"down": {"uv": [9, 6.5, 7, 8.5], "texture": "#top", "cullface": "up"}
			}
		},
		{
			"from": [8, 16.5, 8],
			"to": [9.5, 17, 10],
			"rotation": {"angle": 0, "axis": "y", "origin": [15.5, 24.5, 16]},
			"faces": {
				"north": {"uv": [6.5, 7.5, 8, 8], "texture": "#top", "cullface": "up"},
				"east": {"uv": [6.5, 6, 7, 8], "rotation": 270, "texture": "#top", "cullface": "up"},
				"south": {"uv": [6.5, 6, 8, 6.5], "rotation": 180, "texture": "#top", "cullface": "up"},
				"west": {"uv": [7.5, 6, 8, 8], "rotation": 90, "texture": "#top", "cullface": "up"},
				"up": {"uv": [6.5, 6, 8, 8], "rotation": 180, "texture": "#top", "cullface": "up"},
				"down": {"uv": [8, 6, 6.5, 8], "texture": "#top", "cullface": "up"}
			}
		},
		{
			"from": [9, 16.75, 8.5],
			"to": [10, 17.25, 10.5],
			"rotation": {"angle": 0, "axis": "y", "origin": [16, 24.5, 16]},
			"faces": {
				"north": {"uv": [6, 7, 7, 7.5], "texture": "#top", "cullface": "up"},
				"east": {"uv": [6, 5.5, 6.5, 7.5], "rotation": 270, "texture": "#top", "cullface": "up"},
				"south": {"uv": [6, 5.5, 7, 6], "rotation": 180, "texture": "#top", "cullface": "up"},
				"west": {"uv": [6.5, 5.5, 7, 7.5], "rotation": 90, "texture": "#top", "cullface": "up"},
				"up": {"uv": [6, 5.5, 7, 7.5], "rotation": 180, "texture": "#top", "cullface": "up"},
				"down": {"uv": [7, 5.5, 6, 7.5], "texture": "#top", "cullface": "up"}
			}
		},
		{
			"from": [10, 16.75, 9],
			"to": [10.5, 17.25, 9.5],
			"rotation": {"angle": 0, "axis": "y", "origin": [16.5, 24.5, 16]},
			"faces": {
				"north": {"uv": [5.5, 6.5, 6, 7], "texture": "#top", "cullface": "up"},
				"east": {"uv": [5.5, 6.5, 6, 7], "texture": "#top", "cullface": "up"},
				"south": {"uv": [5.5, 6.5, 6, 7], "texture": "#top", "cullface": "up"},
				"up": {"uv": [5.5, 6.5, 6, 7], "texture": "#top", "cullface": "up"},
				"down": {"uv": [5.5, 6.5, 6, 7], "texture": "#top", "cullface": "up"}
			}
		},
		{
			"from": [0, 0, 0.5],
			"to": [16, 16, 16],
			"rotation": {"angle": 0, "axis": "y", "origin": [8, 15, 8]},
			"faces": {
				"north": {"uv": [0, 0, 16, 16], "texture": "#front"},
				"east": {"uv": [0, 0, 15.5, 16], "texture": "#side", "cullface": "east"},
				"south": {"uv": [0, 0, 16, 16], "texture": "#side", "cullface": "south"},
				"west": {"uv": [0.5, 0, 16, 16], "texture": "#side", "cullface": "west"},
				"up": {"uv": [0, 0, 16, 15.5], "rotation": 180, "texture": "#top_2", "cullface": "up"},
				"down": {"uv": [0, 0, 16, 15.5], "texture": "#bottom", "cullface": "down"}
			}
		},
		{
			"name": "carved_pumpkin2_0",
			"from": [0, 13, 0],
			"to": [16, 16, 0.5],
			"faces": {
				"north": {"uv": [0, 0, 16, 3], "texture": "#front", "cullface": "north"},
				"east": {"uv": [15.5, 0, 16, 3], "texture": "#side", "cullface": "east"},
				"west": {"uv": [0, 0, 0.5, 3], "texture": "#side", "cullface": "west"},
				"up": {"uv": [0, 0, 16, 0.5], "texture": "#top_2", "cullface": "up"},
				"down": {"uv": [0, 2.5, 16, 3], "rotation": 180, "texture": "#front", "cullface": "north"}
			}
		},
		{
			"name": "carved_pumpkin2_1",
			"from": [14.5, 0, 0],
			"to": [16, 13, 0.5],
			"faces": {
				"north": {"uv": [0, 3, 1.5, 16], "texture": "#front", "cullface": "north"},
				"east": {"uv": [15.5, 3, 16, 16], "texture": "#side", "cullface": "east"},
				"west": {"uv": [1, 3, 1.5, 16], "texture": "#front", "cullface": "north"},
				"down": {"uv": [14.5, 15.5, 16, 16], "rotation": 180, "texture": "#bottom", "cullface": "down"}
			}
		},
		{
			"name": "carved_pumpkin2_2",
			"from": [13.5, 12.5, 0],
			"to": [14.5, 13, 0.5],
			"faces": {
				"north": {"uv": [1.5, 3, 2.5, 3.5], "texture": "#front", "cullface": "north"},
				"west": {"uv": [2, 3, 2.5, 3.5], "texture": "#front", "cullface": "north"},
				"down": {"uv": [1.5, 3, 2.5, 3.5], "rotation": 180, "texture": "#front", "cullface": "north"}
			}
		},
		{
			"name": "carved_pumpkin2_3",
			"from": [5, 12.5, 0],
			"to": [10.5, 13, 0.5],
			"faces": {
				"north": {"uv": [5.5, 3, 11, 3.5], "texture": "#front", "cullface": "north"},
				"east": {"uv": [5.5, 3, 6, 3.5], "texture": "#front", "cullface": "north"},
				"west": {"uv": [10.5, 3, 11, 3.5], "texture": "#front", "cullface": "north"},
				"down": {"uv": [5.5, 3, 11, 3.5], "rotation": 180, "texture": "#front", "cullface": "north"}
			}
		},
		{
			"name": "carved_pumpkin2_4",
			"from": [0, 12.5, 0],
			"to": [2.5, 13, 0.5],
			"faces": {
				"north": {"uv": [13.5, 3, 16, 3.5], "texture": "#front", "cullface": "north"},
				"east": {"uv": [13.5, 3, 14, 3.5], "texture": "#front", "cullface": "north"},
				"west": {"uv": [0, 3, 0.5, 3.5], "texture": "#side", "cullface": "west"},
				"down": {"uv": [13.5, 3, 16, 3.5], "rotation": 180, "texture": "#front", "cullface": "north"}
			}
		},
		{
			"name": "carved_pumpkin2_5",
			"from": [14, 12, 0],
			"to": [14.5, 12.5, 0.5],
			"faces": {
				"north": {"uv": [1.5, 3.5, 2, 4], "texture": "#front", "cullface": "north"},
				"west": {"uv": [1.5, 3.5, 2, 4], "texture": "#front", "cullface": "north"},
				"down": {"uv": [1.5, 3.5, 2, 4], "rotation": 180, "texture": "#front", "cullface": "north"}
			}
		},
		{
			"name": "carved_pumpkin2_6",
			"from": [6, 11.5, 0],
			"to": [10, 12.5, 0.5],
			"faces": {
				"north": {"uv": [6, 3.5, 10, 4.5], "texture": "#front", "cullface": "north"},
				"east": {"uv": [6, 3.5, 6.5, 4.5], "texture": "#front", "cullface": "north"},
				"west": {"uv": [9.5, 3.5, 10, 4.5], "texture": "#front", "cullface": "north"},
				"down": {"uv": [6, 4, 10, 4.5], "rotation": 180, "texture": "#front", "cullface": "north"}
			}
		},
		{
			"name": "carved_pumpkin2_7",
			"from": [5.5, 12, 0],
			"to": [6, 12.5, 0.5],
			"faces": {
				"north": {"uv": [10, 3.5, 10.5, 4], "texture": "#front", "cullface": "north"},
				"west": {"uv": [10, 3.5, 10.5, 4], "texture": "#front", "cullface": "north"},
				"down": {"uv": [10, 3.5, 10.5, 4], "rotation": 180, "texture": "#front", "cullface": "north"}
			}
		},
		{
			"name": "carved_pumpkin2_8",
			"from": [0, 11.5, 0],
			"to": [2, 12.5, 0.5],
			"faces": {
				"north": {"uv": [14, 3.5, 16, 4.5], "texture": "#front", "cullface": "north"},
				"east": {"uv": [14, 3.5, 14.5, 4.5], "texture": "#front", "cullface": "north"},
				"west": {"uv": [0, 3.5, 0.5, 4.5], "texture": "#side", "cullface": "west"},
				"down": {"uv": [14, 4, 16, 4.5], "rotation": 180, "texture": "#front", "cullface": "north"}
			}
		},
		{
			"name": "carved_pumpkin2_9",
			"from": [6.5, 7.5, 0],
			"to": [9.5, 11.5, 0.5],
			"faces": {
				"north": {"uv": [6.5, 4.5, 9.5, 8.5], "texture": "#front", "cullface": "north"},
				"east": {"uv": [6.5, 4.5, 7, 8.5], "texture": "#front", "cullface": "north"},
				"west": {"uv": [9, 4.5, 9.5, 8.5], "texture": "#front", "cullface": "north"},
				"down": {"uv": [6.5, 8, 9.5, 8.5], "rotation": 180, "texture": "#front", "cullface": "north"}
			}
		},
		{
			"name": "carved_pumpkin2_10",
			"from": [6, 11, 0],
			"to": [6.5, 11.5, 0.5],
			"faces": {
				"north": {"uv": [9.5, 4.5, 10, 5], "texture": "#front", "cullface": "north"},
				"west": {"uv": [9.5, 4.5, 10, 5], "texture": "#front", "cullface": "north"},
				"down": {"uv": [9.5, 4.5, 10, 5], "rotation": 180, "texture": "#front", "cullface": "north"}
			}
		},
		{
			"name": "carved_pumpkin2_11",
			"from": [0, 0, 0],
			"to": [1.5, 11.5, 0.5],
			"faces": {
				"north": {"uv": [14.5, 4.5, 16, 16], "texture": "#front", "cullface": "north"},
				"east": {"uv": [14.5, 4.5, 15, 16], "texture": "#front", "cullface": "north"},
				"west": {"uv": [0, 4.5, 0.5, 16], "texture": "#side", "cullface": "west"},
				"down": {"uv": [0, 15.5, 1.5, 16], "rotation": 180, "texture": "#bottom", "cullface": "down"}
			}
		},
		{
			"name": "carved_pumpkin2_12",
			"from": [9.5, 7, 0],
			"to": [10, 9.5, 0.5],
			"faces": {
				"north": {"uv": [6, 6.5, 6.5, 9], "texture": "#front", "cullface": "north"},
				"east": {"uv": [6, 6.5, 6.5, 9], "texture": "#front", "cullface": "north"},
				"west": {"uv": [6, 6.5, 6.5, 9], "texture": "#front", "cullface": "north"},
				"up": {"uv": [6.5, 6.5, 6, 7], "texture": "#front", "cullface": "north"},
				"down": {"uv": [6, 8.5, 6.5, 9], "rotation": 180, "texture": "#front", "cullface": "north"}
			}
		},
		{
			"name": "carved_pumpkin2_13",
			"from": [6, 7, 0],
			"to": [6.5, 9.5, 0.5],
			"faces": {
				"north": {"uv": [9.5, 6.5, 10, 9], "texture": "#front", "cullface": "north"},
				"east": {"uv": [9.5, 6.5, 10, 9], "texture": "#front", "cullface": "north"},
				"west": {"uv": [9.5, 6.5, 10, 9], "texture": "#front", "cullface": "north"},
				"up": {"uv": [10, 6.5, 9.5, 7], "texture": "#front", "cullface": "north"},
				"down": {"uv": [9.5, 8.5, 10, 9], "rotation": 180, "texture": "#front", "cullface": "north"}
			}
		},
		{
			"name": "carved_pumpkin2_14",
			"from": [1.5, 0, 0],
			"to": [2, 9.5, 0.5],
			"faces": {
				"north": {"uv": [14, 6.5, 14.5, 16], "texture": "#front", "cullface": "north"},
				"east": {"uv": [14, 6.5, 14.5, 16], "texture": "#front", "cullface": "north"},
				"up": {"uv": [14.5, 6.5, 14, 7], "texture": "#front", "cullface": "north"},
				"down": {"uv": [1.5, 15.5, 2, 16], "rotation": 180, "texture": "#bottom", "cullface": "down"}
			}
		},
		{
			"name": "carved_pumpkin2_15",
			"from": [14, 0, 0],
			"to": [14.5, 9, 0.5],
			"faces": {
				"north": {"uv": [1.5, 7, 2, 16], "texture": "#front", "cullface": "north"},
				"west": {"uv": [1.5, 7, 2, 16], "texture": "#front", "cullface": "north"},
				"up": {"uv": [2, 7, 1.5, 7.5], "texture": "#front", "cullface": "north"},
				"down": {"uv": [14, 15.5, 14.5, 16], "rotation": 180, "texture": "#bottom", "cullface": "down"}
			}
		},
		{
			"name": "carved_pumpkin2_16",
			"from": [10, 7, 0],
			"to": [10.5, 9, 0.5],
			"faces": {
				"north": {"uv": [5.5, 7, 6, 9], "texture": "#front", "cullface": "north"},
				"east": {"uv": [5.5, 7, 6, 9], "texture": "#front", "cullface": "north"},
				"up": {"uv": [6, 7, 5.5, 7.5], "texture": "#front", "cullface": "north"},
				"down": {"uv": [5.5, 8.5, 6, 9], "rotation": 180, "texture": "#front", "cullface": "north"}
			}
		},
		{
			"name": "carved_pumpkin2_17",
			"from": [5.5, 6.5, 0],
			"to": [6, 9, 0.5],
			"faces": {
				"north": {"uv": [10, 7, 10.5, 9.5], "texture": "#front", "cullface": "north"},
				"east": {"uv": [10, 7, 10.5, 9.5], "texture": "#front", "cullface": "north"},
				"west": {"uv": [10, 7, 10.5, 9.5], "texture": "#front", "cullface": "north"},
				"up": {"uv": [10.5, 7, 10, 7.5], "texture": "#front", "cullface": "north"},
				"down": {"uv": [10, 9, 10.5, 9.5], "rotation": 180, "texture": "#front", "cullface": "north"}
			}
		},
		{
			"name": "carved_pumpkin2_18",
			"from": [2, 0, 0],
			"to": [2.5, 9, 0.5],
			"faces": {
				"north": {"uv": [13.5, 7, 14, 16], "texture": "#front", "cullface": "north"},
				"east": {"uv": [13.5, 7, 14, 16], "texture": "#front", "cullface": "north"},
				"up": {"uv": [14, 7, 13.5, 7.5], "texture": "#front", "cullface": "north"},
				"down": {"uv": [2, 15.5, 2.5, 16], "rotation": 180, "texture": "#bottom", "cullface": "down"}
			}
		},
		{
			"name": "carved_pumpkin2_19",
			"from": [11, 6, 0],
			"to": [14, 8.5, 0.5],
			"faces": {
				"north": {"uv": [2, 7.5, 5, 10], "texture": "#front", "cullface": "north"},
				"west": {"uv": [4.5, 7.5, 5, 10], "texture": "#front", "cullface": "north"},
				"up": {"uv": [5, 7.5, 2, 8], "texture": "#front", "cullface": "north"},
				"down": {"uv": [2, 9.5, 5, 10], "rotation": 180, "texture": "#front", "cullface": "north"}
			}
		},
		{
			"name": "carved_pumpkin2_20",
			"from": [10.5, 6.5, 0],
			"to": [11, 8.5, 0.5],
			"faces": {
				"north": {"uv": [5, 7.5, 5.5, 9.5], "texture": "#front", "cullface": "north"},
				"west": {"uv": [5, 7.5, 5.5, 9.5], "texture": "#front", "cullface": "north"},
				"up": {"uv": [5.5, 7.5, 5, 8], "texture": "#front", "cullface": "north"},
				"down": {"uv": [5, 9, 5.5, 9.5], "rotation": 180, "texture": "#front", "cullface": "north"}
			}
		},
		{
			"name": "carved_pumpkin2_21",
			"from": [2.5, 6.5, 0],
			"to": [5.5, 8.5, 0.5],
			"faces": {
				"north": {"uv": [10.5, 7.5, 13.5, 9.5], "texture": "#front", "cullface": "north"},
				"up": {"uv": [13.5, 7.5, 10.5, 8], "texture": "#front", "cullface": "north"},
				"down": {"uv": [10.5, 9, 13.5, 9.5], "rotation": 180, "texture": "#front", "cullface": "north"}
			}
		},
		{
			"name": "carved_pumpkin2_22",
			"from": [2.5, 6, 0],
			"to": [5, 6.5, 0.5],
			"faces": {
				"north": {"uv": [11, 9.5, 13.5, 10], "texture": "#front", "cullface": "north"},
				"east": {"uv": [11, 9.5, 11.5, 10], "texture": "#front", "cullface": "north"},
				"down": {"uv": [11, 9.5, 13.5, 10], "rotation": 180, "texture": "#front", "cullface": "north"}
			}
		},
		{
			"name": "carved_pumpkin2_23",
			"from": [12, 4.5, 0],
			"to": [14, 6, 0.5],
			"faces": {
				"north": {"uv": [2, 10, 4, 11.5], "texture": "#front", "cullface": "north"},
				"west": {"uv": [3.5, 10, 4, 11.5], "texture": "#front", "cullface": "north"},
				"down": {"uv": [2, 11, 4, 11.5], "rotation": 180, "texture": "#front", "cullface": "north"}
			}
		},
		{
			"name": "carved_pumpkin2_24",
			"from": [11.5, 5.5, 0],
			"to": [12, 6, 0.5],
			"faces": {
				"north": {"uv": [4, 10, 4.5, 10.5], "texture": "#front", "cullface": "north"},
				"west": {"uv": [4, 10, 4.5, 10.5], "texture": "#front", "cullface": "north"},
				"down": {"uv": [4, 10, 4.5, 10.5], "rotation": 180, "texture": "#front", "cullface": "north"}
			}
		},
		{
			"name": "carved_pumpkin2_25",
			"from": [2.5, 5, 0],
			"to": [4.5, 6, 0.5],
			"faces": {
				"north": {"uv": [11.5, 10, 13.5, 11], "texture": "#front", "cullface": "north"},
				"east": {"uv": [11.5, 10, 12, 11], "texture": "#front", "cullface": "north"},
				"down": {"uv": [11.5, 10.5, 13.5, 11], "rotation": 180, "texture": "#front", "cullface": "north"}
			}
		},
		{
			"name": "carved_pumpkin2_26",
			"from": [2.5, 4, 0],
			"to": [4, 5, 0.5],
			"faces": {
				"north": {"uv": [12, 11, 13.5, 12], "texture": "#front", "cullface": "north"},
				"east": {"uv": [12, 11, 12.5, 12], "texture": "#front", "cullface": "north"},
				"down": {"uv": [12, 11.5, 13.5, 12], "rotation": 180, "texture": "#front", "cullface": "north"}
			}
		},
		{
			"name": "carved_pumpkin2_27",
			"from": [12.5, 3.5, 0],
			"to": [14, 4.5, 0.5],
			"faces": {
				"north": {"uv": [2, 11.5, 3.5, 12.5], "texture": "#front", "cullface": "north"},
				"west": {"uv": [3, 11.5, 3.5, 12.5], "texture": "#front", "cullface": "north"},
				"down": {"uv": [2, 12, 3.5, 12.5], "rotation": 180, "texture": "#front", "cullface": "north"}
			}
		},
		{
			"name": "carved_pumpkin2_28",
			"from": [2.5, 0, 0],
			"to": [3.5, 4, 0.5],
			"faces": {
				"north": {"uv": [12.5, 12, 13.5, 16], "texture": "#front", "cullface": "north"},
				"east": {"uv": [12.5, 12, 13, 16], "texture": "#front", "cullface": "north"},
				"down": {"uv": [2.5, 15.5, 3.5, 16], "rotation": 180, "texture": "#bottom", "cullface": "down"}
			}
		},
		{
			"name": "carved_pumpkin2_29",
			"from": [13, 0, 0],
			"to": [14, 3.5, 0.5],
			"faces": {
				"north": {"uv": [2, 12.5, 3, 16], "texture": "#front", "cullface": "north"},
				"west": {"uv": [2.5, 12.5, 3, 16], "texture": "#front", "cullface": "north"},
				"down": {"uv": [13, 15.5, 14, 16], "rotation": 180, "texture": "#bottom", "cullface": "down"}
			}
		},
		{
			"name": "carved_pumpkin2_30",
			"from": [7, 0, 0],
			"to": [9.5, 3.5, 0.5],
			"faces": {
				"north": {"uv": [6.5, 12.5, 9, 16], "texture": "#front", "cullface": "north"},
				"east": {"uv": [6.5, 12.5, 7, 16], "texture": "#front", "cullface": "north"},
				"west": {"uv": [8.5, 12.5, 9, 16], "texture": "#front", "cullface": "north"},
				"up": {"uv": [9, 12.5, 6.5, 13], "texture": "#front", "cullface": "north"},
				"down": {"uv": [7, 15.5, 9.5, 16], "rotation": 180, "texture": "#bottom", "cullface": "down"}
			}
		},
		{
			"name": "carved_pumpkin2_31",
			"from": [9.5, 0, 0],
			"to": [10, 3, 0.5],
			"faces": {
				"north": {"uv": [6, 13, 6.5, 16], "texture": "#front", "cullface": "north"},
				"east": {"uv": [6, 13, 6.5, 16], "texture": "#front", "cullface": "north"},
				"up": {"uv": [6.5, 13, 6, 13.5], "texture": "#front", "cullface": "north"},
				"down": {"uv": [9.5, 15.5, 10, 16], "rotation": 180, "texture": "#bottom", "cullface": "down"}
			}
		},
		{
			"name": "carved_pumpkin2_32",
			"from": [6, 0, 0],
			"to": [7, 3, 0.5],
			"faces": {
				"north": {"uv": [9, 13, 10, 16], "texture": "#front", "cullface": "north"},
				"west": {"uv": [9.5, 13, 10, 16], "texture": "#front", "cullface": "north"},
				"up": {"uv": [10, 13, 9, 13.5], "texture": "#front", "cullface": "north"},
				"down": {"uv": [6, 15.5, 7, 16], "rotation": 180, "texture": "#bottom", "cullface": "down"}
			}
		},
		{
			"name": "carved_pumpkin2_33",
			"from": [10, 0, 0],
			"to": [11, 2.5, 0.5],
			"faces": {
				"north": {"uv": [5, 13.5, 6, 16], "texture": "#front", "cullface": "north"},
				"east": {"uv": [5, 13.5, 5.5, 16], "texture": "#front", "cullface": "north"},
				"up": {"uv": [6, 13.5, 5, 14], "texture": "#front", "cullface": "north"},
				"down": {"uv": [10, 15.5, 11, 16], "rotation": 180, "texture": "#bottom", "cullface": "down"}
			}
		},
		{
			"name": "carved_pumpkin2_34",
			"from": [5.5, 0, 0],
			"to": [6, 2.5, 0.5],
			"faces": {
				"north": {"uv": [10, 13.5, 10.5, 16], "texture": "#front", "cullface": "north"},
				"west": {"uv": [10, 13.5, 10.5, 16], "texture": "#front", "cullface": "north"},
				"up": {"uv": [10.5, 13.5, 10, 14], "texture": "#front", "cullface": "north"},
				"down": {"uv": [5.5, 15.5, 6, 16], "rotation": 180, "texture": "#bottom", "cullface": "down"}
			}
		},
		{
			"name": "carved_pumpkin2_35",
			"from": [12.5, 0, 0],
			"to": [13, 2, 0.5],
			"faces": {
				"north": {"uv": [3, 14, 3.5, 16], "texture": "#front", "cullface": "north"},
				"west": {"uv": [3, 14, 3.5, 16], "texture": "#front", "cullface": "north"},
				"up": {"uv": [3.5, 14, 3, 14.5], "texture": "#front", "cullface": "north"},
				"down": {"uv": [12.5, 15.5, 13, 16], "rotation": 180, "texture": "#bottom", "cullface": "down"}
			}
		},
		{
			"name": "carved_pumpkin2_36",
			"from": [11, 0, 0],
			"to": [11.5, 2, 0.5],
			"faces": {
				"north": {"uv": [4.5, 14, 5, 16], "texture": "#front", "cullface": "north"},
				"east": {"uv": [4.5, 14, 5, 16], "texture": "#front", "cullface": "north"},
				"up": {"uv": [5, 14, 4.5, 14.5], "texture": "#front", "cullface": "north"},
				"down": {"uv": [11, 15.5, 11.5, 16], "rotation": 180, "texture": "#bottom", "cullface": "down"}
			}
		},
		{
			"name": "carved_pumpkin2_37",
			"from": [5, 0, 0],
			"to": [5.5, 2, 0.5],
			"faces": {
				"north": {"uv": [10.5, 14, 11, 16], "texture": "#front", "cullface": "north"},
				"west": {"uv": [10.5, 14, 11, 16], "texture": "#front", "cullface": "north"},
				"up": {"uv": [11, 14, 10.5, 14.5], "texture": "#front", "cullface": "north"},
				"down": {"uv": [5, 15.5, 5.5, 16], "rotation": 180, "texture": "#bottom", "cullface": "down"}
			}
		},
		{
			"name": "carved_pumpkin2_38",
			"from": [3.5, 0, 0],
			"to": [4, 2, 0.5],
			"faces": {
				"north": {"uv": [12, 14, 12.5, 16], "texture": "#front", "cullface": "north"},
				"east": {"uv": [12, 14, 12.5, 16], "texture": "#front", "cullface": "north"},
				"up": {"uv": [12.5, 14, 12, 14.5], "texture": "#front", "cullface": "north"},
				"down": {"uv": [3.5, 15.5, 4, 16], "rotation": 180, "texture": "#bottom", "cullface": "down"}
			}
		},
		{
			"name": "carved_pumpkin2_39",
			"from": [11.5, 0, 0],
			"to": [12, 1.5, 0.5],
			"faces": {
				"north": {"uv": [4, 14.5, 4.5, 16], "texture": "#front", "cullface": "north"},
				"east": {"uv": [4, 14.5, 4.5, 16], "texture": "#front", "cullface": "north"},
				"up": {"uv": [4.5, 14.5, 4, 15], "texture": "#front", "cullface": "north"},
				"down": {"uv": [11.5, 15.5, 12, 16], "rotation": 180, "texture": "#bottom", "cullface": "down"}
			}
		},
		{
			"name": "carved_pumpkin2_40",
			"from": [12, 0, 0],
			"to": [12.5, 1, 0.5],
			"faces": {
				"north": {"uv": [3.5, 15, 4, 16], "texture": "#front", "cullface": "north"},
				"up": {"uv": [4, 15, 3.5, 15.5], "texture": "#front", "cullface": "north"},
				"down": {"uv": [12, 15.5, 12.5, 16], "rotation": 180, "texture": "#bottom", "cullface": "down"}
			}
		},
		{
			"name": "carved_pumpkin2_41",
			"from": [4.5, 0, 0],
			"to": [5, 1, 0.5],
			"faces": {
				"north": {"uv": [11, 15, 11.5, 16], "texture": "#front", "cullface": "north"},
				"west": {"uv": [11, 15, 11.5, 16], "texture": "#front", "cullface": "north"},
				"up": {"uv": [11.5, 15, 11, 15.5], "texture": "#front", "cullface": "north"},
				"down": {"uv": [4.5, 15.5, 5, 16], "rotation": 180, "texture": "#bottom", "cullface": "down"}
			}
		},
		{
			"name": "carved_pumpkin2_42",
			"from": [4, 0, 0],
			"to": [4.5, 0.5, 0.5],
			"faces": {
				"north": {"uv": [11.5, 15.5, 12, 16], "texture": "#front", "cullface": "north"},
				"up": {"uv": [12, 15.5, 11.5, 16], "texture": "#front", "cullface": "north"},
				"down": {"uv": [4, 15.5, 4.5, 16], "rotation": 180, "texture": "#bottom", "cullface": "down"}
			}
		}
	]
}