{
	"parent": "block/block",
	"textures": {
		"side": "block/pumpkin_side",
		"top": "block/pumpkin_top",
		"bottom": "block/pumpkin_bottom",
		"top_2": "block/pumpkin_top_2",
		"particle": "block/pumpkin_side",
		"front": "block/carved_pumpkin3"
	},
	"elements": [
		{
			"from": [6.5, 16, 7],
			"to": [8.5, 16.5, 9],
			"rotation": {"angle": 0, "axis": "y", "origin": [14.5, 24, 15]},
			"faces": {
				"north": {"uv": [9, 8.5, 9.5, 9], "texture": "#top", "cullface": "up"},
				"east": {"uv": [7.5, 7, 8, 9], "rotation": 270, "texture": "#top", "cullface": "up"},
				"south": {"uv": [7.5, 7, 9.5, 7.5], "rotation": 180, "texture": "#top", "cullface": "up"},
				"west": {"uv": [9, 7, 9.5, 9], "rotation": 90, "texture": "#top", "cullface": "up"},
				"up": {"uv": [7.5, 7, 9.5, 9], "rotation": 180, "texture": "#top", "cullface": "up"}
			}
		},
		{
			"from": [7, 16, 6.5],
			"to": [8.5, 16.5, 7],
			"rotation": {"angle": 0, "axis": "y", "origin": [14.5, 24, 14.5]},
			"faces": {
				"north": {"uv": [7.5, 9, 9, 9.5], "texture": "#top", "cullface": "up"},
				"east": {"uv": [7.5, 9, 8, 9.5], "texture": "#top", "cullface": "up"},
				"west": {"uv": [8.5, 9, 9, 9.5], "texture": "#top", "cullface": "up"},
				"up": {"uv": [7.5, 9, 9, 9.5], "texture": "#top", "cullface": "up"}
			}
		},
		{
			"from": [7, 16.25, 7.5],
			"to": [9, 16.75, 9.5],
			"rotation": {"angle": 0, "axis": "y", "origin": [15, 24, 15.5]},
			"faces": {
				"north": {"uv": [7, 8, 9, 8.5], "texture": "#top", "cullface": "up"},
				"east": {"uv": [7, 6.5, 7.5, 8.5], "rotation": 270, "texture": "#top", "cullface": "up"},
				"south": {"uv": [7, 6.5, 9, 7], "rotation": 180, "texture": "#top", "cullface": "up"},
				"west": {"uv": [8.5, 6.5, 9, 8.5], "rotation": 90, "texture": "#top", "cullface": "up"},
				"up": {"uv": [7, 6.5, 9, 8.5], "rotation": 180, "texture": "#top", "cullface": "up"},
				"down": {"uv": [9, 6.5, 7, 8.5], "texture": "#top", "cullface": "up"}
			}
		},
		{
			"from": [8, 16.5, 8],
			"to": [9.5, 17, 10],
			"rotation": {"angle": 0, "axis": "y", "origin": [15.5, 24.5, 16]},
			"faces": {
				"north": {"uv": [6.5, 7.5, 8, 8], "texture": "#top", "cullface": "up"},
				"east": {"uv": [6.5, 6, 7, 8], "rotation": 270, "texture": "#top", "cullface": "up"},
				"south": {"uv": [6.5, 6, 8, 6.5], "rotation": 180, "texture": "#top", "cullface": "up"},
				"west": {"uv": [7.5, 6, 8, 8], "rotation": 90, "texture": "#top", "cullface": "up"},
				"up": {"uv": [6.5, 6, 8, 8], "rotation": 180, "texture": "#top", "cullface": "up"},
				"down": {"uv": [8, 6, 6.5, 8], "texture": "#top", "cullface": "up"}
			}
		},
		{
			"from": [9, 16.75, 8.5],
			"to": [10, 17.25, 10.5],
			"rotation": {"angle": 0, "axis": "y", "origin": [16, 24.5, 16]},
			"faces": {
				"north": {"uv": [6, 7, 7, 7.5], "texture": "#top", "cullface": "up"},
				"east": {"uv": [6, 5.5, 6.5, 7.5], "rotation": 270, "texture": "#top", "cullface": "up"},
				"south": {"uv": [6, 5.5, 7, 6], "rotation": 180, "texture": "#top", "cullface": "up"},
				"west": {"uv": [6.5, 5.5, 7, 7.5], "rotation": 90, "texture": "#top", "cullface": "up"},
				"up": {"uv": [6, 5.5, 7, 7.5], "rotation": 180, "texture": "#top", "cullface": "up"},
				"down": {"uv": [7, 5.5, 6, 7.5], "texture": "#top", "cullface": "up"}
			}
		},
		{
			"from": [10, 16.75, 9],
			"to": [10.5, 17.25, 9.5],
			"rotation": {"angle": 0, "axis": "y", "origin": [16.5, 24.5, 16]},
			"faces": {
				"north": {"uv": [5.5, 6.5, 6, 7], "texture": "#top", "cullface": "up"},
				"east": {"uv": [5.5, 6.5, 6, 7], "texture": "#top", "cullface": "up"},
				"south": {"uv": [5.5, 6.5, 6, 7], "texture": "#top", "cullface": "up"},
				"up": {"uv": [5.5, 6.5, 6, 7], "texture": "#top", "cullface": "up"},
				"down": {"uv": [5.5, 6.5, 6, 7], "texture": "#top", "cullface": "up"}
			}
		},
		{
			"from": [0, 0, 0.5],
			"to": [16, 16, 16],
			"rotation": {"angle": 0, "axis": "y", "origin": [8, 15, 8]},
			"faces": {
				"north": {"uv": [0, 0, 16, 16], "texture": "#front"},
				"east": {"uv": [0, 0, 15.5, 16], "texture": "#side", "cullface": "east"},
				"south": {"uv": [0, 0, 16, 16], "texture": "#side", "cullface": "south"},
				"west": {"uv": [0.5, 0, 16, 16], "texture": "#side", "cullface": "west"},
				"up": {"uv": [0, 0, 16, 15.5], "rotation": 180, "texture": "#top_2", "cullface": "up"},
				"down": {"uv": [0, 0, 16, 15.5], "texture": "#bottom", "cullface": "down"}
			}
		},
		{
			"name": "carved_pumpkin3_0",
			"from": [13, 13, 0],
			"to": [16, 16, 0.5],
			"faces": {
				"north": {"uv": [0, 0, 3, 3], "texture": "#front", "cullface": "north"},
				"east": {"uv": [15.5, 0, 16, 3], "texture": "#side", "cullface": "east"},
				"west": {"uv": [2.5, 0, 3, 3], "texture": "#front", "cullface": "north"},
				"up": {"uv": [13, 0, 16, 0.5], "texture": "#top_2", "cullface": "up"},
				"down": {"uv": [0, 2.5, 3, 3], "rotation": 180, "texture": "#front", "cullface": "north"}
			}
		},
		{
			"name": "carved_pumpkin3_1",
			"from": [0, 14.5, 0],
			"to": [13, 16, 0.5],
			"faces": {
				"north": {"uv": [3, 0, 16, 1.5], "texture": "#front", "cullface": "north"},
				"west": {"uv": [0, 0, 0.5, 1.5], "texture": "#side", "cullface": "west"},
				"up": {"uv": [0, 0, 13, 0.5], "texture": "#top_2", "cullface": "up"},
				"down": {"uv": [3, 1, 16, 1.5], "rotation": 180, "texture": "#front", "cullface": "north"}
			}
		},
		{
			"name": "carved_pumpkin3_2",
			"from": [12, 14, 0],
			"to": [13, 14.5, 0.5],
			"faces": {
				"north": {"uv": [3, 1.5, 4, 2], "texture": "#front", "cullface": "north"},
				"west": {"uv": [3.5, 1.5, 4, 2], "texture": "#front", "cullface": "north"},
				"down": {"uv": [3, 1.5, 4, 2], "rotation": 180, "texture": "#front", "cullface": "north"}
			}
		},
		{
			"name": "carved_pumpkin3_3",
			"from": [5, 14, 0],
			"to": [11, 14.5, 0.5],
			"faces": {
				"north": {"uv": [5, 1.5, 11, 2], "texture": "#front", "cullface": "north"},
				"east": {"uv": [5, 1.5, 5.5, 2], "texture": "#front", "cullface": "north"},
				"west": {"uv": [10.5, 1.5, 11, 2], "texture": "#front", "cullface": "north"},
				"down": {"uv": [5, 1.5, 11, 2], "rotation": 180, "texture": "#front", "cullface": "north"}
			}
		},
		{
			"name": "carved_pumpkin3_4",
			"from": [0, 14, 0],
			"to": [3, 14.5, 0.5],
			"faces": {
				"north": {"uv": [13, 1.5, 16, 2], "texture": "#front", "cullface": "north"},
				"east": {"uv": [13, 1.5, 13.5, 2], "texture": "#front", "cullface": "north"},
				"west": {"uv": [0, 1.5, 0.5, 2], "texture": "#side", "cullface": "west"},
				"down": {"uv": [13, 1.5, 16, 2], "rotation": 180, "texture": "#front", "cullface": "north"}
			}
		},
		{
			"name": "carved_pumpkin3_5",
			"from": [12.5, 13.5, 0],
			"to": [13, 14, 0.5],
			"faces": {
				"north": {"uv": [3, 2, 3.5, 2.5], "texture": "#front", "cullface": "north"},
				"west": {"uv": [3, 2, 3.5, 2.5], "texture": "#front", "cullface": "north"},
				"down": {"uv": [3, 2, 3.5, 2.5], "rotation": 180, "texture": "#front", "cullface": "north"}
			}
		},
		{
			"name": "carved_pumpkin3_6",
			"from": [5.5, 13.5, 0],
			"to": [10, 14, 0.5],
			"faces": {
				"north": {"uv": [6, 2, 10.5, 2.5], "texture": "#front", "cullface": "north"},
				"east": {"uv": [6, 2, 6.5, 2.5], "texture": "#front", "cullface": "north"},
				"west": {"uv": [10, 2, 10.5, 2.5], "texture": "#front", "cullface": "north"},
				"down": {"uv": [6, 2, 10.5, 2.5], "rotation": 180, "texture": "#front", "cullface": "north"}
			}
		},
		{
			"name": "carved_pumpkin3_7",
			"from": [0, 13.5, 0],
			"to": [2, 14, 0.5],
			"faces": {
				"north": {"uv": [14, 2, 16, 2.5], "texture": "#front", "cullface": "north"},
				"east": {"uv": [14, 2, 14.5, 2.5], "texture": "#front", "cullface": "north"},
				"west": {"uv": [0, 2, 0.5, 2.5], "texture": "#side", "cullface": "west"},
				"down": {"uv": [14, 2, 16, 2.5], "rotation": 180, "texture": "#front", "cullface": "north"}
			}
		},
		{
			"name": "carved_pumpkin3_8",
			"from": [5.5, 10, 0],
			"to": [9.5, 13.5, 0.5],
			"faces": {
				"north": {"uv": [6.5, 2.5, 10.5, 6], "texture": "#front", "cullface": "north"},
				"east": {"uv": [6.5, 2.5, 7, 6], "texture": "#front", "cullface": "north"},
				"west": {"uv": [10, 2.5, 10.5, 6], "texture": "#front", "cullface": "north"},
				"down": {"uv": [6.5, 5.5, 10.5, 6], "rotation": 180, "texture": "#front", "cullface": "north"}
			}
		},
		{
			"name": "carved_pumpkin3_9",
			"from": [0, 12.5, 0],
			"to": [1.5, 13.5, 0.5],
			"faces": {
				"north": {"uv": [14.5, 2.5, 16, 3.5], "texture": "#front", "cullface": "north"},
				"east": {"uv": [14.5, 2.5, 15, 3.5], "texture": "#front", "cullface": "north"},
				"west": {"uv": [0, 2.5, 0.5, 3.5], "texture": "#side", "cullface": "west"},
				"down": {"uv": [14.5, 3, 16, 3.5], "rotation": 180, "texture": "#front", "cullface": "north"}
			}
		},
		{
			"name": "carved_pumpkin3_10",
			"from": [14.5, 11, 0],
			"to": [16, 13, 0.5],
			"faces": {
				"north": {"uv": [0, 3, 1.5, 5], "texture": "#front", "cullface": "north"},
				"east": {"uv": [15.5, 3, 16, 5], "texture": "#side", "cullface": "east"},
				"west": {"uv": [1, 3, 1.5, 5], "texture": "#front", "cullface": "north"},
				"down": {"uv": [0, 4.5, 1.5, 5], "rotation": 180, "texture": "#front", "cullface": "north"}
			}
		},
		{
			"name": "carved_pumpkin3_11",
			"from": [13.5, 12.5, 0],
			"to": [14.5, 13, 0.5],
			"faces": {
				"north": {"uv": [1.5, 3, 2.5, 3.5], "texture": "#front", "cullface": "north"},
				"west": {"uv": [2, 3, 2.5, 3.5], "texture": "#front", "cullface": "north"},
				"down": {"uv": [1.5, 3, 2.5, 3.5], "rotation": 180, "texture": "#front", "cullface": "north"}
			}
		},
		{
			"name": "carved_pumpkin3_12",
			"from": [14, 12, 0],
			"to": [14.5, 12.5, 0.5],
			"faces": {
				"north": {"uv": [1.5, 3.5, 2, 4], "texture": "#front", "cullface": "north"},
				"west": {"uv": [1.5, 3.5, 2, 4], "texture": "#front", "cullface": "north"},
				"down": {"uv": [1.5, 3.5, 2, 4], "rotation": 180, "texture": "#front", "cullface": "north"}
			}
		},
		{
			"name": "carved_pumpkin3_13",
			"from": [0, 0, 0],
			"to": [1, 12.5, 0.5],
			"faces": {
				"north": {"uv": [15, 3.5, 16, 16], "texture": "#front", "cullface": "north"},
				"east": {"uv": [15, 3.5, 15.5, 16], "texture": "#front", "cullface": "north"},
				"west": {"uv": [0, 3.5, 0.5, 16], "texture": "#side", "cullface": "west"},
				"down": {"uv": [0, 15.5, 1, 16], "rotation": 180, "texture": "#bottom", "cullface": "down"}
			}
		},
		{
			"name": "carved_pumpkin3_14",
			"from": [9.5, 9.5, 0],
			"to": [10, 12, 0.5],
			"faces": {
				"north": {"uv": [6, 4, 6.5, 6.5], "texture": "#front", "cullface": "north"},
				"east": {"uv": [6, 4, 6.5, 6.5], "texture": "#front", "cullface": "north"},
				"up": {"uv": [6.5, 4, 6, 4.5], "texture": "#front", "cullface": "north"},
				"down": {"uv": [6, 6, 6.5, 6.5], "rotation": 180, "texture": "#front", "cullface": "north"}
			}
		},
		{
			"name": "carved_pumpkin3_15",
			"from": [15, 0, 0],
			"to": [16, 11, 0.5],
			"faces": {
				"north": {"uv": [0, 5, 1, 16], "texture": "#front", "cullface": "north"},
				"east": {"uv": [15.5, 5, 16, 16], "texture": "#side", "cullface": "east"},
				"west": {"uv": [0.5, 5, 1, 16], "texture": "#front", "cullface": "north"},
				"down": {"uv": [15, 15.5, 16, 16], "rotation": 180, "texture": "#bottom", "cullface": "down"}
			}
		},
		{
			"name": "carved_pumpkin3_16",
			"from": [10, 9, 0],
			"to": [10.5, 11, 0.5],
			"faces": {
				"north": {"uv": [5.5, 5, 6, 7], "texture": "#front", "cullface": "north"},
				"east": {"uv": [5.5, 5, 6, 7], "texture": "#front", "cullface": "north"},
				"west": {"uv": [5.5, 5, 6, 7], "texture": "#front", "cullface": "north"},
				"up": {"uv": [6, 5, 5.5, 5.5], "texture": "#front", "cullface": "north"},
				"down": {"uv": [5.5, 6.5, 6, 7], "rotation": 180, "texture": "#front", "cullface": "north"}
			}
		},
		{
			"name": "carved_pumpkin3_17",
			"from": [5, 9, 0],
			"to": [5.5, 11, 0.5],
			"faces": {
				"north": {"uv": [10.5, 5, 11, 7], "texture": "#front", "cullface": "north"},
				"east": {"uv": [10.5, 5, 11, 7], "texture": "#front", "cullface": "north"},
				"west": {"uv": [10.5, 5, 11, 7], "texture": "#front", "cullface": "north"},
				"up": {"uv": [11, 5, 10.5, 5.5], "texture": "#front", "cullface": "north"},
				"down": {"uv": [10.5, 6.5, 11, 7], "rotation": 180, "texture": "#front", "cullface": "north"}
			}
		},
		{
			"name": "carved_pumpkin3_18",
			"from": [10.5, 8.5, 0],
			"to": [11, 10.5, 0.5],
			"faces": {
				"north": {"uv": [5, 5.5, 5.5, 7.5], "texture": "#front", "cullface": "north"},
				"east": {"uv": [5, 5.5, 5.5, 7.5], "texture": "#front", "cullface": "north"},
				"west": {"uv": [5, 5.5, 5.5, 7.5], "texture": "#front", "cullface": "north"},
				"up": {"uv": [5.5, 5.5, 5, 6], "texture": "#front", "cullface": "north"},
				"down": {"uv": [5, 7, 5.5, 7.5], "rotation": 180, "texture": "#front", "cullface": "north"}
			}
		},
		{
			"name": "carved_pumpkin3_19",
			"from": [4, 7.5, 0],
			"to": [5, 10.5, 0.5],
			"faces": {
				"north": {"uv": [11, 5.5, 12, 8.5], "texture": "#front", "cullface": "north"},
				"east": {"uv": [11, 5.5, 11.5, 8.5], "texture": "#front", "cullface": "north"},
				"west": {"uv": [11.5, 5.5, 12, 8.5], "texture": "#front", "cullface": "north"},
				"up": {"uv": [12, 5.5, 11, 6], "texture": "#front", "cullface": "north"},
				"down": {"uv": [11, 8, 12, 8.5], "rotation": 180, "texture": "#front", "cullface": "north"}
			}
		},
		{
			"name": "carved_pumpkin3_20",
			"from": [14.5, 0, 0],
			"to": [15, 10, 0.5],
			"faces": {
				"north": {"uv": [1, 6, 1.5, 16], "texture": "#front", "cullface": "north"},
				"west": {"uv": [1, 6, 1.5, 16], "texture": "#front", "cullface": "north"},
				"up": {"uv": [1.5, 6, 1, 6.5], "texture": "#front", "cullface": "north"},
				"down": {"uv": [14.5, 15.5, 15, 16], "rotation": 180, "texture": "#bottom", "cullface": "down"}
			}
		},
		{
			"name": "carved_pumpkin3_21",
			"from": [11, 7.5, 0],
			"to": [11.5, 10, 0.5],
			"faces": {
				"north": {"uv": [4.5, 6, 5, 8.5], "texture": "#front", "cullface": "north"},
				"east": {"uv": [4.5, 6, 5, 8.5], "texture": "#front", "cullface": "north"},
				"west": {"uv": [4.5, 6, 5, 8.5], "texture": "#front", "cullface": "north"},
				"up": {"uv": [5, 6, 4.5, 6.5], "texture": "#front", "cullface": "north"},
				"down": {"uv": [4.5, 8, 5, 8.5], "rotation": 180, "texture": "#front", "cullface": "north"}
			}
		},
		{
			"name": "carved_pumpkin3_22",
			"from": [7.5, 9.5, 0],
			"to": [9.5, 10, 0.5],
			"faces": {
				"north": {"uv": [6.5, 6, 8.5, 6.5], "texture": "#front", "cullface": "north"},
				"west": {"uv": [8, 6, 8.5, 6.5], "texture": "#front", "cullface": "north"},
				"down": {"uv": [6.5, 6, 8.5, 6.5], "rotation": 180, "texture": "#front", "cullface": "north"}
			}
		},
		{
			"name": "carved_pumpkin3_23",
			"from": [5.5, 9.5, 0],
			"to": [6.5, 10, 0.5],
			"faces": {
				"north": {"uv": [9.5, 6, 10.5, 6.5], "texture": "#front", "cullface": "north"},
				"east": {"uv": [9.5, 6, 10, 6.5], "texture": "#front", "cullface": "north"},
				"down": {"uv": [9.5, 6, 10.5, 6.5], "rotation": 180, "texture": "#front", "cullface": "north"}
			}
		},
		{
			"name": "carved_pumpkin3_24",
			"from": [3, 8, 0],
			"to": [4, 10, 0.5],
			"faces": {
				"north": {"uv": [12, 6, 13, 8], "texture": "#front", "cullface": "north"},
				"west": {"uv": [12.5, 6, 13, 8], "texture": "#front", "cullface": "north"},
				"up": {"uv": [13, 6, 12, 6.5], "texture": "#front", "cullface": "north"},
				"down": {"uv": [12, 7.5, 13, 8], "rotation": 180, "texture": "#front", "cullface": "north"}
			}
		},
		{
			"name": "carved_pumpkin3_25",
			"from": [1, 0, 0],
			"to": [1.5, 10, 0.5],
			"faces": {
				"north": {"uv": [14.5, 6, 15, 16], "texture": "#front", "cullface": "north"},
				"east": {"uv": [14.5, 6, 15, 16], "texture": "#front", "cullface": "north"},
				"up": {"uv": [15, 6, 14.5, 6.5], "texture": "#front", "cullface": "north"},
				"down": {"uv": [1, 15.5, 1.5, 16], "rotation": 180, "texture": "#bottom", "cullface": "down"}
			}
		},
		{
			"name": "carved_pumpkin3_26",
			"from": [13, 6.5, 0],
			"to": [14.5, 9.5, 0.5],
			"faces": {
				"north": {"uv": [1.5, 6.5, 3, 9.5], "texture": "#front", "cullface": "north"},
				"west": {"uv": [2.5, 6.5, 3, 9.5], "texture": "#front", "cullface": "north"},
				"up": {"uv": [3, 6.5, 1.5, 7], "texture": "#front", "cullface": "north"},
				"down": {"uv": [1.5, 9, 3, 9.5], "rotation": 180, "texture": "#front", "cullface": "north"}
			}
		},
		{
			"name": "carved_pumpkin3_27",
			"from": [11.5, 6.5, 0],
			"to": [12, 9.5, 0.5],
			"faces": {
				"north": {"uv": [4, 6.5, 4.5, 9.5], "texture": "#front", "cullface": "north"},
				"east": {"uv": [4, 6.5, 4.5, 9.5], "texture": "#front", "cullface": "north"},
				"west": {"uv": [4, 6.5, 4.5, 9.5], "texture": "#front", "cullface": "north"},
				"up": {"uv": [4.5, 6.5, 4, 7], "texture": "#front", "cullface": "north"},
				"down": {"uv": [4, 9, 4.5, 9.5], "rotation": 180, "texture": "#front", "cullface": "north"}
			}
		},
		{
			"name": "carved_pumpkin3_28",
			"from": [8, 8.5, 0],
			"to": [9, 9.5, 0.5],
			"faces": {
				"north": {"uv": [7, 6.5, 8, 7.5], "texture": "#front", "cullface": "north"},
				"east": {"uv": [7, 6.5, 7.5, 7.5], "texture": "#front", "cullface": "north"},
				"west": {"uv": [7.5, 6.5, 8, 7.5], "texture": "#front", "cullface": "north"},
				"down": {"uv": [7, 7, 8, 7.5], "rotation": 180, "texture": "#front", "cullface": "north"}
			}
		},
		{
			"name": "carved_pumpkin3_29",
			"from": [1.5, 6, 0],
			"to": [3, 9.5, 0.5],
			"faces": {
				"north": {"uv": [13, 6.5, 14.5, 10], "texture": "#front", "cullface": "north"},
				"east": {"uv": [13, 6.5, 13.5, 10], "texture": "#front", "cullface": "north"},
				"up": {"uv": [14.5, 6.5, 13, 7], "texture": "#front", "cullface": "north"},
				"down": {"uv": [13, 9.5, 14.5, 10], "rotation": 180, "texture": "#front", "cullface": "north"}
			}
		},
		{
			"name": "carved_pumpkin3_30",
			"from": [12, 7, 0],
			"to": [13, 9, 0.5],
			"faces": {
				"north": {"uv": [3, 7, 4, 9], "texture": "#front", "cullface": "north"},
				"up": {"uv": [4, 7, 3, 7.5], "texture": "#front", "cullface": "north"},
				"down": {"uv": [3, 8.5, 4, 9], "rotation": 180, "texture": "#front", "cullface": "north"}
			}
		},
		{
			"name": "carved_pumpkin3_31",
			"from": [8.5, 8, 0],
			"to": [9, 8.5, 0.5],
			"faces": {
				"north": {"uv": [7, 7.5, 7.5, 8], "texture": "#front", "cullface": "north"},
				"east": {"uv": [7, 7.5, 7.5, 8], "texture": "#front", "cullface": "north"},
				"west": {"uv": [7, 7.5, 7.5, 8], "texture": "#front", "cullface": "north"},
				"down": {"uv": [7, 7.5, 7.5, 8], "rotation": 180, "texture": "#front", "cullface": "north"}
			}
		},
		{
			"name": "carved_pumpkin3_32",
			"from": [3, 7, 0],
			"to": [3.5, 8, 0.5],
			"faces": {
				"north": {"uv": [12.5, 8, 13, 9], "texture": "#front", "cullface": "north"},
				"east": {"uv": [12.5, 8, 13, 9], "texture": "#front", "cullface": "north"},
				"down": {"uv": [12.5, 8.5, 13, 9], "rotation": 180, "texture": "#front", "cullface": "north"}
			}
		},
		{
			"name": "carved_pumpkin3_33",
			"from": [4.5, 7, 0],
			"to": [5, 7.5, 0.5],
			"faces": {
				"north": {"uv": [11, 8.5, 11.5, 9], "texture": "#front", "cullface": "north"},
				"east": {"uv": [11, 8.5, 11.5, 9], "texture": "#front", "cullface": "north"},
				"west": {"uv": [11, 8.5, 11.5, 9], "texture": "#front", "cullface": "north"},
				"down": {"uv": [11, 8.5, 11.5, 9], "rotation": 180, "texture": "#front", "cullface": "north"}
			}
		},
		{
			"name": "carved_pumpkin3_34",
			"from": [13.5, 5.5, 0],
			"to": [14.5, 6.5, 0.5],
			"faces": {
				"north": {"uv": [1.5, 9.5, 2.5, 10.5], "texture": "#front", "cullface": "north"},
				"west": {"uv": [2, 9.5, 2.5, 10.5], "texture": "#front", "cullface": "north"},
				"down": {"uv": [1.5, 10, 2.5, 10.5], "rotation": 180, "texture": "#front", "cullface": "north"}
			}
		},
		{
			"name": "carved_pumpkin3_35",
			"from": [7.5, 0, 0],
			"to": [8, 6.5, 0.5],
			"faces": {
				"north": {"uv": [8, 9.5, 8.5, 16], "texture": "#front", "cullface": "north"},
				"east": {"uv": [8, 9.5, 8.5, 16], "texture": "#front", "cullface": "north"},
				"west": {"uv": [8, 9.5, 8.5, 16], "texture": "#front", "cullface": "north"},
				"up": {"uv": [8.5, 9.5, 8, 10], "texture": "#front", "cullface": "north"},
				"down": {"uv": [7.5, 15.5, 8, 16], "rotation": 180, "texture": "#bottom", "cullface": "down"}
			}
		},
		{
			"name": "carved_pumpkin3_36",
			"from": [10, 0, 0],
			"to": [10.5, 6, 0.5],
			"faces": {
				"north": {"uv": [5.5, 10, 6, 16], "texture": "#front", "cullface": "north"},
				"east": {"uv": [5.5, 10, 6, 16], "texture": "#front", "cullface": "north"},
				"west": {"uv": [5.5, 10, 6, 16], "texture": "#front", "cullface": "north"},
				"up": {"uv": [6, 10, 5.5, 10.5], "texture": "#front", "cullface": "north"},
				"down": {"uv": [10, 15.5, 10.5, 16], "rotation": 180, "texture": "#bottom", "cullface": "down"}
			}
		},
		{
			"name": "carved_pumpkin3_37",
			"from": [7, 0, 0],
			"to": [7.5, 6, 0.5],
			"faces": {
				"north": {"uv": [8.5, 10, 9, 16], "texture": "#front", "cullface": "north"},
				"west": {"uv": [8.5, 10, 9, 16], "texture": "#front", "cullface": "north"},
				"up": {"uv": [9, 10, 8.5, 10.5], "texture": "#front", "cullface": "north"},
				"down": {"uv": [7, 15.5, 7.5, 16], "rotation": 180, "texture": "#bottom", "cullface": "down"}
			}
		},
		{
			"name": "carved_pumpkin3_38",
			"from": [1.5, 5, 0],
			"to": [2.5, 6, 0.5],
			"faces": {
				"north": {"uv": [13.5, 10, 14.5, 11], "texture": "#front", "cullface": "north"},
				"east": {"uv": [13.5, 10, 14, 11], "texture": "#front", "cullface": "north"},
				"down": {"uv": [13.5, 10.5, 14.5, 11], "rotation": 180, "texture": "#front", "cullface": "north"}
			}
		},
		{
			"name": "carved_pumpkin3_39",
			"from": [14, 3.5, 0],
			"to": [14.5, 5.5, 0.5],
			"faces": {
				"north": {"uv": [1.5, 10.5, 2, 12.5], "texture": "#front", "cullface": "north"},
				"west": {"uv": [1.5, 10.5, 2, 12.5], "texture": "#front", "cullface": "north"},
				"down": {"uv": [1.5, 12, 2, 12.5], "rotation": 180, "texture": "#front", "cullface": "north"}
			}
		},
		{
			"name": "carved_pumpkin3_40",
			"from": [8, 0, 0],
			"to": [8.5, 5.5, 0.5],
			"faces": {
				"north": {"uv": [7.5, 10.5, 8, 16], "texture": "#front", "cullface": "north"},
				"east": {"uv": [7.5, 10.5, 8, 16], "texture": "#front", "cullface": "north"},
				"up": {"uv": [8, 10.5, 7.5, 11], "texture": "#front", "cullface": "north"},
				"down": {"uv": [8, 15.5, 8.5, 16], "rotation": 180, "texture": "#bottom", "cullface": "down"}
			}
		},
		{
			"name": "carved_pumpkin3_41",
			"from": [6.5, 0, 0],
			"to": [7, 5.5, 0.5],
			"faces": {
				"north": {"uv": [9, 10.5, 9.5, 16], "texture": "#front", "cullface": "north"},
				"west": {"uv": [9, 10.5, 9.5, 16], "texture": "#front", "cullface": "north"},
				"up": {"uv": [9.5, 10.5, 9, 11], "texture": "#front", "cullface": "north"},
				"down": {"uv": [6.5, 15.5, 7, 16], "rotation": 180, "texture": "#bottom", "cullface": "down"}
			}
		},
		{
			"name": "carved_pumpkin3_42",
			"from": [4, 0, 0],
			"to": [4.5, 5.5, 0.5],
			"faces": {
				"north": {"uv": [11.5, 10.5, 12, 16], "texture": "#front", "cullface": "north"},
				"east": {"uv": [11.5, 10.5, 12, 16], "texture": "#front", "cullface": "north"},
				"west": {"uv": [11.5, 10.5, 12, 16], "texture": "#front", "cullface": "north"},
				"up": {"uv": [12, 10.5, 11.5, 11], "texture": "#front", "cullface": "north"},
				"down": {"uv": [4, 15.5, 4.5, 16], "rotation": 180, "texture": "#bottom", "cullface": "down"}
			}
		},
		{
			"name": "carved_pumpkin3_43",
			"from": [10.5, 0, 0],
			"to": [11, 5, 0.5],
			"faces": {
				"north": {"uv": [5, 11, 5.5, 16], "texture": "#front", "cullface": "north"},
				"east": {"uv": [5, 11, 5.5, 16], "texture": "#front", "cullface": "north"},
				"up": {"uv": [5.5, 11, 5, 11.5], "texture": "#front", "cullface": "north"},
				"down": {"uv": [10.5, 15.5, 11, 16], "rotation": 180, "texture": "#bottom", "cullface": "down"}
			}
		},
		{
			"name": "carved_pumpkin3_44",
			"from": [9.5, 0, 0],
			"to": [10, 5, 0.5],
			"faces": {
				"north": {"uv": [6, 11, 6.5, 16], "texture": "#front", "cullface": "north"},
				"west": {"uv": [6, 11, 6.5, 16], "texture": "#front", "cullface": "north"},
				"up": {"uv": [6.5, 11, 6, 11.5], "texture": "#front", "cullface": "north"},
				"down": {"uv": [9.5, 15.5, 10, 16], "rotation": 180, "texture": "#bottom", "cullface": "down"}
			}
		},
		{
			"name": "carved_pumpkin3_45",
			"from": [8.5, 0, 0],
			"to": [9, 5, 0.5],
			"faces": {
				"north": {"uv": [7, 11, 7.5, 16], "texture": "#front", "cullface": "north"},
				"east": {"uv": [7, 11, 7.5, 16], "texture": "#front", "cullface": "north"},
				"up": {"uv": [7.5, 11, 7, 11.5], "texture": "#front", "cullface": "north"},
				"down": {"uv": [8.5, 15.5, 9, 16], "rotation": 180, "texture": "#bottom", "cullface": "down"}
			}
		},
		{
			"name": "carved_pumpkin3_46",
			"from": [6, 0, 0],
			"to": [6.5, 5, 0.5],
			"faces": {
				"north": {"uv": [9.5, 11, 10, 16], "texture": "#front", "cullface": "north"},
				"west": {"uv": [9.5, 11, 10, 16], "texture": "#front", "cullface": "north"},
				"up": {"uv": [10, 11, 9.5, 11.5], "texture": "#front", "cullface": "north"},
				"down": {"uv": [6, 15.5, 6.5, 16], "rotation": 180, "texture": "#bottom", "cullface": "down"}
			}
		},
		{
			"name": "carved_pumpkin3_47",
			"from": [4.5, 0, 0],
			"to": [5, 5, 0.5],
			"faces": {
				"north": {"uv": [11, 11, 11.5, 16], "texture": "#front", "cullface": "north"},
				"east": {"uv": [11, 11, 11.5, 16], "texture": "#front", "cullface": "north"},
				"up": {"uv": [11.5, 11, 11, 11.5], "texture": "#front", "cullface": "north"},
				"down": {"uv": [4.5, 15.5, 5, 16], "rotation": 180, "texture": "#bottom", "cullface": "down"}
			}
		},
		{
			"name": "carved_pumpkin3_48",
			"from": [1.5, 3.5, 0],
			"to": [2, 5, 0.5],
			"faces": {
				"north": {"uv": [14, 11, 14.5, 12.5], "texture": "#front", "cullface": "north"},
				"east": {"uv": [14, 11, 14.5, 12.5], "texture": "#front", "cullface": "north"},
				"down": {"uv": [14, 12, 14.5, 12.5], "rotation": 180, "texture": "#front", "cullface": "north"}
			}
		},
		{
			"name": "carved_pumpkin3_49",
			"from": [12.5, 0, 0],
			"to": [13, 4.5, 0.5],
			"faces": {
				"north": {"uv": [3, 11.5, 3.5, 16], "texture": "#front", "cullface": "north"},
				"east": {"uv": [3, 11.5, 3.5, 16], "texture": "#front", "cullface": "north"},
				"west": {"uv": [3, 11.5, 3.5, 16], "texture": "#front", "cullface": "north"},
				"up": {"uv": [3.5, 11.5, 3, 12], "texture": "#front", "cullface": "north"},
				"down": {"uv": [12.5, 15.5, 13, 16], "rotation": 180, "texture": "#bottom", "cullface": "down"}
			}
		},
		{
			"name": "carved_pumpkin3_50",
			"from": [9, 0, 0],
			"to": [9.5, 4.5, 0.5],
			"faces": {
				"north": {"uv": [6.5, 11.5, 7, 16], "texture": "#front", "cullface": "north"},
				"up": {"uv": [7, 11.5, 6.5, 12], "texture": "#front", "cullface": "north"},
				"down": {"uv": [9, 15.5, 9.5, 16], "rotation": 180, "texture": "#bottom", "cullface": "down"}
			}
		},
		{
			"name": "carved_pumpkin3_51",
			"from": [5, 0, 0],
			"to": [6, 4.5, 0.5],
			"faces": {
				"north": {"uv": [10, 11.5, 11, 16], "texture": "#front", "cullface": "north"},
				"up": {"uv": [11, 11.5, 10, 12], "texture": "#front", "cullface": "north"},
				"down": {"uv": [5, 15.5, 6, 16], "rotation": 180, "texture": "#bottom", "cullface": "down"}
			}
		},
		{
			"name": "carved_pumpkin3_52",
			"from": [13, 0, 0],
			"to": [13.5, 4, 0.5],
			"faces": {
				"north": {"uv": [2.5, 12, 3, 16], "texture": "#front", "cullface": "north"},
				"east": {"uv": [2.5, 12, 3, 16], "texture": "#front", "cullface": "north"},
				"up": {"uv": [3, 12, 2.5, 12.5], "texture": "#front", "cullface": "north"},
				"down": {"uv": [13, 15.5, 13.5, 16], "rotation": 180, "texture": "#bottom", "cullface": "down"}
			}
		},
		{
			"name": "carved_pumpkin3_53",
			"from": [11, 0, 0],
			"to": [11.5, 4, 0.5],
			"faces": {
				"north": {"uv": [4.5, 12, 5, 16], "texture": "#front", "cullface": "north"},
				"east": {"uv": [4.5, 12, 5, 16], "texture": "#front", "cullface": "north"},
				"up": {"uv": [5, 12, 4.5, 12.5], "texture": "#front", "cullface": "north"},
				"down": {"uv": [11, 15.5, 11.5, 16], "rotation": 180, "texture": "#bottom", "cullface": "down"}
			}
		},
		{
			"name": "carved_pumpkin3_54",
			"from": [11.5, 0, 0],
			"to": [12, 3, 0.5],
			"faces": {
				"north": {"uv": [4, 13, 4.5, 16], "texture": "#front", "cullface": "north"},
				"east": {"uv": [4, 13, 4.5, 16], "texture": "#front", "cullface": "north"},
				"up": {"uv": [4.5, 13, 4, 13.5], "texture": "#front", "cullface": "north"},
				"down": {"uv": [11.5, 15.5, 12, 16], "rotation": 180, "texture": "#bottom", "cullface": "down"}
			}
		},
		{
			"name": "carved_pumpkin3_55",
			"from": [2.5, 0, 0],
			"to": [3, 3, 0.5],
			"faces": {
				"north": {"uv": [13, 13, 13.5, 16], "texture": "#front", "cullface": "north"},
				"east": {"uv": [13, 13, 13.5, 16], "texture": "#front", "cullface": "north"},
				"west": {"uv": [13, 13, 13.5, 16], "texture": "#front", "cullface": "north"},
				"up": {"uv": [13.5, 13, 13, 13.5], "texture": "#front", "cullface": "north"},
				"down": {"uv": [2.5, 15.5, 3, 16], "rotation": 180, "texture": "#bottom", "cullface": "down"}
			}
		},
		{
			"name": "carved_pumpkin3_56",
			"from": [13.5, 0, 0],
			"to": [14, 2.5, 0.5],
			"faces": {
				"north": {"uv": [2, 13.5, 2.5, 16], "texture": "#front", "cullface": "north"},
				"east": {"uv": [2, 13.5, 2.5, 16], "texture": "#front", "cullface": "north"},
				"up": {"uv": [2.5, 13.5, 2, 14], "texture": "#front", "cullface": "north"},
				"down": {"uv": [13.5, 15.5, 14, 16], "rotation": 180, "texture": "#bottom", "cullface": "down"}
			}
		},
		{
			"name": "carved_pumpkin3_57",
			"from": [12, 0, 0],
			"to": [12.5, 2.5, 0.5],
			"faces": {
				"north": {"uv": [3.5, 13.5, 4, 16], "texture": "#front", "cullface": "north"},
				"up": {"uv": [4, 13.5, 3.5, 14], "texture": "#front", "cullface": "north"},
				"down": {"uv": [12, 15.5, 12.5, 16], "rotation": 180, "texture": "#bottom", "cullface": "down"}
			}
		},
		{
			"name": "carved_pumpkin3_58",
			"from": [3, 0, 0],
			"to": [3.5, 2.5, 0.5],
			"faces": {
				"north": {"uv": [12.5, 13.5, 13, 16], "texture": "#front", "cullface": "north"},
				"east": {"uv": [12.5, 13.5, 13, 16], "texture": "#front", "cullface": "north"},
				"up": {"uv": [13, 13.5, 12.5, 14], "texture": "#front", "cullface": "north"},
				"down": {"uv": [3, 15.5, 3.5, 16], "rotation": 180, "texture": "#bottom", "cullface": "down"}
			}
		},
		{
			"name": "carved_pumpkin3_59",
			"from": [3.5, 0, 0],
			"to": [4, 2, 0.5],
			"faces": {
				"north": {"uv": [12, 14, 12.5, 16], "texture": "#front", "cullface": "north"},
				"up": {"uv": [12.5, 14, 12, 14.5], "texture": "#front", "cullface": "north"},
				"down": {"uv": [3.5, 15.5, 4, 16], "rotation": 180, "texture": "#bottom", "cullface": "down"}
			}
		},
		{
			"name": "carved_pumpkin3_60",
			"from": [14, 0, 0],
			"to": [14.5, 1.5, 0.5],
			"faces": {
				"north": {"uv": [1.5, 14.5, 2, 16], "texture": "#front", "cullface": "north"},
				"up": {"uv": [2, 14.5, 1.5, 15], "texture": "#front", "cullface": "north"},
				"down": {"uv": [14, 15.5, 14.5, 16], "rotation": 180, "texture": "#bottom", "cullface": "down"}
			}
		},
		{
			"name": "carved_pumpkin3_61",
			"from": [2, 0, 0],
			"to": [2.5, 1, 0.5],
			"faces": {
				"north": {"uv": [13.5, 15, 14, 16], "texture": "#front", "cullface": "north"},
				"west": {"uv": [13.5, 15, 14, 16], "texture": "#front", "cullface": "north"},
				"up": {"uv": [14, 15, 13.5, 15.5], "texture": "#front", "cullface": "north"},
				"down": {"uv": [2, 15.5, 2.5, 16], "rotation": 180, "texture": "#bottom", "cullface": "down"}
			}
		},
		{
			"name": "carved_pumpkin3_62",
			"from": [1.5, 0, 0],
			"to": [2, 0.5, 0.5],
			"faces": {
				"north": {"uv": [14, 15.5, 14.5, 16], "texture": "#front", "cullface": "north"},
				"up": {"uv": [14.5, 15.5, 14, 16], "texture": "#front", "cullface": "north"},
				"down": {"uv": [1.5, 15.5, 2, 16], "rotation": 180, "texture": "#bottom", "cullface": "down"}
			}
		}
	]
}