{
	"credit": "Designed by Progical",
	"ambientocclusion": false,
	"textures": {
		"particle": "block/spruce_door_top",
		"texture": "block/spruce_door_top",
		"texture1": "block/spruce_door_special"
	},
	"elements": [
		{
			"from": [0, 0, 0],
			"to": [3, 16, 16],
			"faces": {
				"north": {"uv": [0, 5, 8, 6.5], "rotation": 270, "texture": "#texture1", "cullface": "north"},
				"east": {"uv": [16, 0, 0, 16], "texture": "#texture"},
				"south": {"uv": [0, 1.75, 8, 3.25], "rotation": 270, "texture": "#texture1", "cullface": "south"},
				"west": {"uv": [0, 0, 16, 16], "texture": "#texture", "cullface": "west"},
				"up": {"uv": [0, 0, 8, 1.5], "rotation": 90, "texture": "#texture1", "cullface": "up"},
				"down": {"uv": [0, 13.25, 8, 14.75], "rotation": 270, "texture": "#texture1", "cullface": "down"}
			}
		},
		{
			"from": [2.5, 10.5, -0.5],
			"to": [3.5, 11.5, 0.5],
			"rotation": {"angle": 0, "axis": "y", "origin": [11, 3, 8]},
			"faces": {
				"north": {"uv": [0, 4.5, 0.5, 5.5], "texture": "#texture"},
				"east": {"uv": [0, 4.5, 0.5, 5.5], "texture": "#texture"},
				"south": {"uv": [0.5, 4.5, 0, 5.5], "texture": "#texture"},
				"west": {"uv": [0, 4.5, 0.5, 5.5], "texture": "#texture"},
				"up": {"uv": [0, 4.5, 0.5, 5], "texture": "#texture"},
				"down": {"uv": [0, 5, 0.5, 5.5], "texture": "#texture"}
			}
		},
		{
			"from": [-0.5, 10.5, -0.5],
			"to": [0.5, 11.5, 0.5],
			"rotation": {"angle": 0, "axis": "y", "origin": [8, 3, 8]},
			"faces": {
				"north": {"uv": [0, 4.5, 0.5, 5.5], "texture": "#texture"},
				"east": {"uv": [0, 4.5, 0.5, 5.5], "texture": "#texture"},
				"south": {"uv": [0.5, 4.5, 0, 5.5], "texture": "#texture"},
				"west": {"uv": [0, 4.5, 0.5, 5.5], "texture": "#texture"},
				"up": {"uv": [0, 4.5, 0.5, 5], "texture": "#texture"},
				"down": {"uv": [0, 5, 0.5, 5.5], "texture": "#texture"}
			}
		},
		{
			"name": "spruce_door_bottom_13",
			"from": [-0.25, 11, 0.5],
			"to": [0, 11.5, 3.5],
			"rotation": {"angle": 0, "axis": "y", "origin": [-9, 14, 8]},
			"faces": {
				"south": {"uv": [3, 15.5, 3.5, 16], "texture": "#texture", "cullface": "west"},
				"west": {"uv": [0.5, 15.5, 3.5, 16], "texture": "#texture", "cullface": "west"},
				"up": {"uv": [3.5, 15.5, 0.5, 16], "rotation": 270, "texture": "#texture", "cullface": "west"},
				"down": {"uv": [0.5, 15.5, 3.5, 16], "rotation": 270, "texture": "#texture", "cullface": "west"}
			}
		},
		{
			"name": "spruce_door_bottom_14",
			"from": [-0.25, 11, 4],
			"to": [0, 11.5, 6.5],
			"rotation": {"angle": 0, "axis": "y", "origin": [-9, 14, 8]},
			"faces": {
				"north": {"uv": [4, 15.5, 4.5, 16], "texture": "#texture", "cullface": "west"},
				"south": {"uv": [6, 15.5, 6.5, 16], "texture": "#texture", "cullface": "west"},
				"west": {"uv": [4, 15.5, 6.5, 16], "texture": "#texture", "cullface": "west"},
				"up": {"uv": [6.5, 15.5, 4, 16], "rotation": 270, "texture": "#texture", "cullface": "west"},
				"down": {"uv": [4, 15.5, 6.5, 16], "rotation": 270, "texture": "#texture", "cullface": "west"}
			}
		},
		{
			"name": "spruce_door_bottom_15",
			"from": [-0.25, 11, 7],
			"to": [0, 11.5, 9.5],
			"rotation": {"angle": 0, "axis": "y", "origin": [-9, 14, 8]},
			"faces": {
				"north": {"uv": [7, 15.5, 7.5, 16], "texture": "#texture", "cullface": "west"},
				"south": {"uv": [9, 15.5, 9.5, 16], "texture": "#texture", "cullface": "west"},
				"west": {"uv": [7, 15.5, 9.5, 16], "texture": "#texture", "cullface": "west"},
				"up": {"uv": [9.5, 15.5, 7, 16], "rotation": 270, "texture": "#texture", "cullface": "west"},
				"down": {"uv": [7, 15.5, 9.5, 16], "rotation": 270, "texture": "#texture", "cullface": "west"}
			}
		},
		{
			"name": "spruce_door_bottom_16",
			"from": [-0.25, 11, 10],
			"to": [0, 11.5, 12.5],
			"rotation": {"angle": 0, "axis": "y", "origin": [-9, 14, 8]},
			"faces": {
				"north": {"uv": [10, 15.5, 10.5, 16], "texture": "#texture", "cullface": "west"},
				"south": {"uv": [12, 15.5, 12.5, 16], "texture": "#texture", "cullface": "west"},
				"west": {"uv": [10, 15.5, 12.5, 16], "texture": "#texture", "cullface": "west"},
				"up": {"uv": [12.5, 15.5, 10, 16], "rotation": 270, "texture": "#texture", "cullface": "west"},
				"down": {"uv": [10, 15.5, 12.5, 16], "rotation": 270, "texture": "#texture", "cullface": "west"}
			}
		},
		{
			"name": "spruce_door_bottom_17",
			"from": [-0.25, 11, 13],
			"to": [0, 11.5, 15.5],
			"rotation": {"angle": 0, "axis": "y", "origin": [-9, 14, 8]},
			"faces": {
				"north": {"uv": [13, 15.5, 13.5, 16], "texture": "#texture", "cullface": "west"},
				"south": {"uv": [15, 15.5, 15.5, 16], "texture": "#texture", "cullface": "west"},
				"west": {"uv": [13, 15.5, 15.5, 16], "texture": "#texture", "cullface": "west"},
				"up": {"uv": [15.5, 15.5, 13, 16], "rotation": 270, "texture": "#texture", "cullface": "west"},
				"down": {"uv": [13, 15.5, 15.5, 16], "rotation": 270, "texture": "#texture", "cullface": "west"}
			}
		},
		{
			"name": "spruce_door_bottom_12",
			"from": [-0.25, 0, 0.5],
			"to": [0, 0.5, 3.5],
			"rotation": {"angle": 0, "axis": "y", "origin": [-9, 3, 8]},
			"faces": {
				"south": {"uv": [3, 15.5, 3.5, 16], "texture": "#texture", "cullface": "west"},
				"west": {"uv": [0.5, 15.5, 3.5, 16], "texture": "#texture", "cullface": "west"},
				"up": {"uv": [3.5, 15.5, 0.5, 16], "rotation": 270, "texture": "#texture", "cullface": "west"},
				"down": {"uv": [0.5, 15.5, 3.5, 16], "rotation": 270, "texture": "#texture", "cullface": "west"}
			}
		},
		{
			"name": "spruce_door_bottom_13",
			"from": [-0.25, 0, 4],
			"to": [0, 0.5, 6.5],
			"rotation": {"angle": 0, "axis": "y", "origin": [-9, 3, 8]},
			"faces": {
				"north": {"uv": [4, 15.5, 4.5, 16], "texture": "#texture", "cullface": "west"},
				"south": {"uv": [6, 15.5, 6.5, 16], "texture": "#texture", "cullface": "west"},
				"west": {"uv": [4, 15.5, 6.5, 16], "texture": "#texture", "cullface": "west"},
				"up": {"uv": [6.5, 15.5, 4, 16], "rotation": 270, "texture": "#texture", "cullface": "west"},
				"down": {"uv": [4, 15.5, 6.5, 16], "rotation": 270, "texture": "#texture", "cullface": "west"}
			}
		},
		{
			"name": "spruce_door_bottom_14",
			"from": [-0.25, 0, 7],
			"to": [0, 0.5, 9.5],
			"rotation": {"angle": 0, "axis": "y", "origin": [-9, 3, 8]},
			"faces": {
				"north": {"uv": [7, 15.5, 7.5, 16], "texture": "#texture", "cullface": "west"},
				"south": {"uv": [9, 15.5, 9.5, 16], "texture": "#texture", "cullface": "west"},
				"west": {"uv": [7, 15.5, 9.5, 16], "texture": "#texture", "cullface": "west"},
				"up": {"uv": [9.5, 15.5, 7, 16], "rotation": 270, "texture": "#texture", "cullface": "west"},
				"down": {"uv": [7, 15.5, 9.5, 16], "rotation": 270, "texture": "#texture", "cullface": "west"}
			}
		},
		{
			"name": "spruce_door_bottom_15",
			"from": [-0.25, 0, 10],
			"to": [0, 0.5, 12.5],
			"rotation": {"angle": 0, "axis": "y", "origin": [-9, 3, 8]},
			"faces": {
				"north": {"uv": [10, 15.5, 10.5, 16], "texture": "#texture", "cullface": "west"},
				"south": {"uv": [12, 15.5, 12.5, 16], "texture": "#texture", "cullface": "west"},
				"west": {"uv": [10, 15.5, 12.5, 16], "texture": "#texture", "cullface": "west"},
				"up": {"uv": [12.5, 15.5, 10, 16], "rotation": 270, "texture": "#texture", "cullface": "west"},
				"down": {"uv": [10, 15.5, 12.5, 16], "rotation": 270, "texture": "#texture", "cullface": "west"}
			}
		},
		{
			"name": "spruce_door_bottom_16",
			"from": [-0.25, 0, 13],
			"to": [0, 0.5, 15.5],
			"rotation": {"angle": 0, "axis": "y", "origin": [-9, 3, 8]},
			"faces": {
				"north": {"uv": [13, 15.5, 13.5, 16], "texture": "#texture", "cullface": "west"},
				"south": {"uv": [15, 15.5, 15.5, 16], "texture": "#texture", "cullface": "west"},
				"west": {"uv": [13, 15.5, 15.5, 16], "texture": "#texture", "cullface": "west"},
				"up": {"uv": [15.5, 15.5, 13, 16], "rotation": 270, "texture": "#texture", "cullface": "west"},
				"down": {"uv": [13, 15.5, 15.5, 16], "rotation": 270, "texture": "#texture", "cullface": "west"}
			}
		},
		{
			"name": "spruce_door_bottom_14",
			"from": [3, 0, 0.5],
			"to": [3.25, 0.5, 3.5],
			"rotation": {"angle": 0, "axis": "z", "origin": [12, -2.5, 8]},
			"faces": {
				"east": {"uv": [0.5, 15.5, 3.5, 16], "rotation": 180, "texture": "#texture"},
				"south": {"uv": [3, 15.5, 3.5, 16], "rotation": 180, "texture": "#texture"},
				"up": {"uv": [0.5, 15.5, 3.5, 16], "rotation": 90, "texture": "#texture"},
				"down": {"uv": [3.5, 15.5, 0.5, 16], "rotation": 90, "texture": "#texture"}
			}
		},
		{
			"name": "spruce_door_bottom_15",
			"from": [3, 0, 4],
			"to": [3.25, 0.5, 6.5],
			"rotation": {"angle": 0, "axis": "z", "origin": [12, -2.5, 8]},
			"faces": {
				"north": {"uv": [4, 15.5, 4.5, 16], "rotation": 180, "texture": "#texture"},
				"east": {"uv": [4, 15.5, 6.5, 16], "rotation": 180, "texture": "#texture"},
				"south": {"uv": [6, 15.5, 6.5, 16], "rotation": 180, "texture": "#texture"},
				"up": {"uv": [4, 15.5, 6.5, 16], "rotation": 90, "texture": "#texture"},
				"down": {"uv": [6.5, 15.5, 4, 16], "rotation": 90, "texture": "#texture"}
			}
		},
		{
			"name": "spruce_door_bottom_16",
			"from": [3, 0, 7],
			"to": [3.25, 0.5, 9.5],
			"rotation": {"angle": 0, "axis": "z", "origin": [12, -2.5, 8]},
			"faces": {
				"north": {"uv": [7, 15.5, 7.5, 16], "rotation": 180, "texture": "#texture"},
				"east": {"uv": [7, 15.5, 9.5, 16], "rotation": 180, "texture": "#texture"},
				"south": {"uv": [9, 15.5, 9.5, 16], "rotation": 180, "texture": "#texture"},
				"up": {"uv": [7, 15.5, 9.5, 16], "rotation": 90, "texture": "#texture"},
				"down": {"uv": [9.5, 15.5, 7, 16], "rotation": 90, "texture": "#texture"}
			}
		},
		{
			"name": "spruce_door_bottom_17",
			"from": [3, 0, 10],
			"to": [3.25, 0.5, 12.5],
			"rotation": {"angle": 0, "axis": "z", "origin": [12, -2.5, 8]},
			"faces": {
				"north": {"uv": [10, 15.5, 10.5, 16], "rotation": 180, "texture": "#texture"},
				"east": {"uv": [10, 15.5, 12.5, 16], "rotation": 180, "texture": "#texture"},
				"south": {"uv": [12, 15.5, 12.5, 16], "rotation": 180, "texture": "#texture"},
				"up": {"uv": [10, 15.5, 12.5, 16], "rotation": 90, "texture": "#texture"},
				"down": {"uv": [12.5, 15.5, 10, 16], "rotation": 90, "texture": "#texture"}
			}
		},
		{
			"name": "spruce_door_bottom_18",
			"from": [3, 0, 13],
			"to": [3.25, 0.5, 15.5],
			"rotation": {"angle": 0, "axis": "z", "origin": [12, -2.5, 8]},
			"faces": {
				"north": {"uv": [13, 15.5, 13.5, 16], "rotation": 180, "texture": "#texture"},
				"east": {"uv": [13, 15.5, 15.5, 16], "rotation": 180, "texture": "#texture"},
				"south": {"uv": [15, 15.5, 15.5, 16], "rotation": 180, "texture": "#texture"},
				"up": {"uv": [13, 15.5, 15.5, 16], "rotation": 90, "texture": "#texture"},
				"down": {"uv": [15.5, 15.5, 13, 16], "rotation": 90, "texture": "#texture"}
			}
		},
		{
			"name": "spruce_door_bottom_15",
			"from": [3, 11, 0.5],
			"to": [3.25, 11.5, 3.5],
			"rotation": {"angle": 0, "axis": "z", "origin": [12, -2.5, 8]},
			"faces": {
				"east": {"uv": [0.5, 15.5, 3.5, 16], "rotation": 180, "texture": "#texture"},
				"south": {"uv": [3, 15.5, 3.5, 16], "rotation": 180, "texture": "#texture"},
				"up": {"uv": [0.5, 15.5, 3.5, 16], "rotation": 90, "texture": "#texture"},
				"down": {"uv": [3.5, 15.5, 0.5, 16], "rotation": 90, "texture": "#texture"}
			}
		},
		{
			"name": "spruce_door_bottom_16",
			"from": [3, 11, 4],
			"to": [3.25, 11.5, 6.5],
			"rotation": {"angle": 0, "axis": "z", "origin": [12, -2.5, 8]},
			"faces": {
				"north": {"uv": [4, 15.5, 4.5, 16], "rotation": 180, "texture": "#texture"},
				"east": {"uv": [4, 15.5, 6.5, 16], "rotation": 180, "texture": "#texture"},
				"south": {"uv": [6, 15.5, 6.5, 16], "rotation": 180, "texture": "#texture"},
				"up": {"uv": [4, 15.5, 6.5, 16], "rotation": 90, "texture": "#texture"},
				"down": {"uv": [6.5, 15.5, 4, 16], "rotation": 90, "texture": "#texture"}
			}
		},
		{
			"name": "spruce_door_bottom_17",
			"from": [3, 11, 7],
			"to": [3.25, 11.5, 9.5],
			"rotation": {"angle": 0, "axis": "z", "origin": [12, -2.5, 8]},
			"faces": {
				"north": {"uv": [7, 15.5, 7.5, 16], "rotation": 180, "texture": "#texture"},
				"east": {"uv": [7, 15.5, 9.5, 16], "rotation": 180, "texture": "#texture"},
				"south": {"uv": [9, 15.5, 9.5, 16], "rotation": 180, "texture": "#texture"},
				"up": {"uv": [7, 15.5, 9.5, 16], "rotation": 90, "texture": "#texture"},
				"down": {"uv": [9.5, 15.5, 7, 16], "rotation": 90, "texture": "#texture"}
			}
		},
		{
			"name": "spruce_door_bottom_18",
			"from": [3, 11, 10],
			"to": [3.25, 11.5, 12.5],
			"rotation": {"angle": 0, "axis": "z", "origin": [12, -2.5, 8]},
			"faces": {
				"north": {"uv": [10, 15.5, 10.5, 16], "rotation": 180, "texture": "#texture"},
				"east": {"uv": [10, 15.5, 12.5, 16], "rotation": 180, "texture": "#texture"},
				"south": {"uv": [12, 15.5, 12.5, 16], "rotation": 180, "texture": "#texture"},
				"up": {"uv": [10, 15.5, 12.5, 16], "rotation": 90, "texture": "#texture"},
				"down": {"uv": [12.5, 15.5, 10, 16], "rotation": 90, "texture": "#texture"}
			}
		},
		{
			"name": "spruce_door_bottom_19",
			"from": [3, 11, 13],
			"to": [3.25, 11.5, 15.5],
			"rotation": {"angle": 0, "axis": "z", "origin": [12, -2.5, 8]},
			"faces": {
				"north": {"uv": [13, 15.5, 13.5, 16], "rotation": 180, "texture": "#texture"},
				"east": {"uv": [13, 15.5, 15.5, 16], "rotation": 180, "texture": "#texture"},
				"south": {"uv": [15, 15.5, 15.5, 16], "rotation": 180, "texture": "#texture"},
				"up": {"uv": [13, 15.5, 15.5, 16], "rotation": 90, "texture": "#texture"},
				"down": {"uv": [15.5, 15.5, 13, 16], "rotation": 90, "texture": "#texture"}
			}
		},
		{
			"from": [0.5, 0, 16],
			"to": [2.5, 0.5, 16.25],
			"rotation": {"angle": 0, "axis": "y", "origin": [8.5, 8, 23.5]},
			"faces": {
				"east": {"uv": [15, 15.5, 15.5, 16], "texture": "#texture", "cullface": "south"},
				"south": {"uv": [13.5, 15.5, 15.5, 16], "texture": "#texture", "cullface": "south"},
				"west": {"uv": [13.5, 15.5, 14, 16], "texture": "#texture", "cullface": "south"},
				"up": {"uv": [13.5, 15.5, 15.5, 16], "texture": "#texture", "cullface": "south"},
				"down": {"uv": [13.5, 15.5, 15.5, 16], "texture": "#texture", "cullface": "south"}
			}
		},
		{
			"from": [0.5, 11, 16],
			"to": [2.5, 11.5, 16.25],
			"rotation": {"angle": 0, "axis": "y", "origin": [8.5, 19, 23.5]},
			"faces": {
				"east": {"uv": [15, 15.5, 15.5, 16], "texture": "#texture", "cullface": "south"},
				"south": {"uv": [13.5, 15.5, 15.5, 16], "texture": "#texture", "cullface": "south"},
				"west": {"uv": [13.5, 15.5, 14, 16], "texture": "#texture", "cullface": "south"},
				"up": {"uv": [13.5, 15.5, 15.5, 16], "texture": "#texture", "cullface": "south"},
				"down": {"uv": [13.5, 15.5, 15.5, 16], "texture": "#texture", "cullface": "south"}
			}
		}
	],
	"groups": [0, 1, 2,
		{
			"name": "metal",
			"origin": [8, 8, 8],
			"children": [3, 4, 5, 6, 7]
		},
		{
			"name": "metal_2",
			"origin": [8, 8, 8],
			"children": [8, 9, 10, 11, 12]
		},
		{
			"name": "metal_3",
			"origin": [8, 8, 8],
			"children": [13, 14, 15, 16, 17]
		},
		{
			"name": "metal_4",
			"origin": [8, 8, 8],
			"children": [18, 19, 20, 21, 22]
		}, 23, 24]
}