{
    "variants": {
        "": [
		    { "model": "block/crimson_roots/crimson_roots_0", "weight": 5 },
			{ "model": "block/crimson_roots/crimson_roots_1", "weight": 5 },
			{ "model": "block/crimson_roots/bloodgrass_0", "weight": 5 },
			{ "model": "block/crimson_roots/bloodgrass_1", "weight": 5 },
			{ "model": "block/crimson_roots/bloodgrass_2", "weight": 5 },
			{ "model": "block/crimson_roots/bloodgrass_3", "weight": 5 },
			{ "model": "block/crimson_roots/crimson_sprouts", "weight": 4 },
			{ "model": "block/crimson_roots/devilweed", "weight": 2 },
			{ "model": "block/crimson_roots/scorched_bloodgrass", "weight": 1 }
	    ]
    }
}