{
	"credit": "Made in Blockbench by Pomik108",
	"parent": "block/block",
	"textures": {
		"particle": "block/acacia_leaves",
		"cube": "block/acacia_leaves",
		"bushy": "block/acacia_leaves_bushy",
		"bushy2": "block/acacia_leaves_bushy2"
	},
	"elements": [
		{
			"from": [0, 0, 0],
			"to": [16, 16, 16],
			"rotation": {"angle": 0, "axis": "y", "origin": [8.47049, 8, 7.13485]},
			"faces": {
				"north": {"uv": [0, 0, 16, 16], "texture": "#cube", "cullface": "north", "tintindex": 0},
				"east": {"uv": [0, 0, 16, 16], "texture": "#cube", "cullface": "east", "tintindex": 0},
				"south": {"uv": [0, 0, 16, 16], "texture": "#cube", "cullface": "south", "tintindex": 0},
				"west": {"uv": [0, 0, 16, 16], "texture": "#cube", "cullface": "west", "tintindex": 0},
				"up": {"uv": [0, 0, 16, 16], "texture": "#cube", "cullface": "up", "tintindex": 0},
				"down": {"uv": [16, 16, 0, 0], "texture": "#cube", "cullface": "down", "tintindex": 0}
			}
		},
		{
			"from": [9.20743, -6, -8.8864],
			"to": [9.20743, 22, 23.1136],
			"shade": false,
			"rotation": {"angle": 22.5, "axis": "y", "origin": [8.47049, 8, 7.13485]},
			"faces": {
				"north": {"uv": [0, 0, 0, 0], "texture": "#bushy", "tintindex": 0},
				"east": {"uv": [0, 0, 16, 16], "texture": "#bushy", "tintindex": 0},
				"south": {"uv": [0, 0, 0, 0], "texture": "#bushy", "tintindex": 0},
				"west": {"uv": [0, 0, 16, 16], "texture": "#bushy", "tintindex": 0},
				"up": {"uv": [0, 0, 0, 0], "texture": "#bushy", "tintindex": 0},
				"down": {"uv": [0, 0, 0, 0], "texture": "#bushy", "tintindex": 0}
			}
		},
		{
			"from": [-7.50069, -6, 6.53686],
			"to": [24.49931, 22, 6.53686],
			"shade": false,
			"rotation": {"angle": 22.5, "axis": "y", "origin": [8.47049, 8, 7.13485]},
			"faces": {
				"north": {"uv": [0, 0, 16, 16], "texture": "#bushy2", "tintindex": 0},
				"east": {"uv": [0, 0, 0, 0], "texture": "#bushy2", "tintindex": 0},
				"south": {"uv": [0, 0, 16, 16], "texture": "#bushy2", "tintindex": 0},
				"west": {"uv": [0, 0, 0, 0], "texture": "#bushy2", "tintindex": 0},
				"up": {"uv": [0, 0, 0, 0], "texture": "#bushy2", "tintindex": 0},
				"down": {"uv": [0, 0, 0, 0], "texture": "#bushy2", "tintindex": 0}
			}
		}
	]
}