{
    "multipart": [
        {   
        	"when":
        	{
        		"waterlogged":"false"
        	},
        	"apply": 
        	{ 
        		"model": "block/oak_fence_post" 
        	}
        },

        {   
        	"when": 
        	{ 
        		"north": "true", "waterlogged":"false"
        	},
            "apply": 
            { 
            	"model": "block/oak_fence_side", "uvlock": true 
            }
        },

        {   "when": 
        	{ 
        		"east": "true", "waterlogged":"false"
        	},
            "apply": 
            { 
            "model": "block/oak_fence_side", "y": 90, "uvlock": true 
        	}
        },

        {   "when": 
        	{ 
        	"south": "true", "waterlogged":"false"
        	},
            "apply": 
            { 
            	"model": "block/oak_fence_side", "y": 180, "uvlock": true 
            }
        },

        {   
        	"when": 
        	{ 
        		"west": "true", "waterlogged":"false"
        	},
            "apply": 
            { 
            	"model": "block/oak_fence_side", "y": 270, "uvlock": true 
            }
        },

        {   
        	"when":
        	{
        		"waterlogged":"true"
        	},
        	"apply": 
        	{ 
        		"model": "block/oak_fence_post_underwater" 
        	}
        },

        {   
        	"when": 
        	{ 
        		"north": "true", "waterlogged":"true"
        	},
            "apply": 
            { 
            	"model": "block/oak_fence_side_underwater", "uvlock": true 
            }
        },

        {   "when": 
        	{ 
        		"east": "true", "waterlogged":"true"
        	},
            "apply": 
            { 
            "model": "block/oak_fence_side_underwater", "y": 90, "uvlock": true 
        	}
        },

        {   "when": 
        	{ 
        	"south": "true", "waterlogged":"true"
        	},
            "apply": 
            { 
            	"model": "block/oak_fence_side_underwater", "y": 180, "uvlock": true 
            }
        },

        {   
        	"when": 
        	{ 
        		"west": "true", "waterlogged":"true"
        	},
            "apply": 
            { 
            	"model": "block/oak_fence_side_underwater", "y": 270, "uvlock": true 
            }
        }
    ]
}
