{
	"credit": "Made with Blockbench by Juknum",
	"ambientocclusion": false,
	"textures": {
		"3": "block/furnace_top",
		"platform": "block/piston_top",
		"side": "block/piston_side",
		"unsticky": "block/piston_top",
		"particle": "block/piston_side"
	},
	"elements": [
		{
			"from": [-0.25, -0.25, -0.25],
			"to": [2, 2, 4.25],
			"faces": {
				"north": {"uv": [14, 14, 16, 16], "texture": "#platform"},
				"east": {"uv": [0, 0, 2, 4], "rotation": 90, "texture": "#side"},
				"south": {"uv": [0, 14, 2, 16], "texture": "#unsticky"},
				"west": {"uv": [0, 0, 2, 4], "rotation": 270, "texture": "#side", "cullface": "west"},
				"up": {"uv": [0, 0, 2, 4], "texture": "#side"},
				"down": {"uv": [0, 0, 2, 4], "rotation": 180, "texture": "#side", "cullface": "down"}
			}
		},
		{
			"from": [7, -0.25, -0.25],
			"to": [9, 2, 4.25],
			"faces": {
				"north": {"uv": [7, 14, 9, 16], "texture": "#platform"},
				"east": {"uv": [0, 0, 2, 4], "rotation": 90, "texture": "#side"},
				"south": {"uv": [7, 14, 9, 16], "texture": "#unsticky"},
				"west": {"uv": [0, 0, 2, 4], "rotation": 270, "texture": "#side"},
				"up": {"uv": [0, 0, 2, 4], "texture": "#side"},
				"down": {"uv": [0, 0, 2, 4], "rotation": 180, "texture": "#side", "cullface": "down"}
			}
		},
		{
			"from": [14, -0.25, -0.25],
			"to": [16.25, 2, 4.25],
			"faces": {
				"north": {"uv": [0, 14, 2, 16], "texture": "#platform"},
				"east": {"uv": [0, 0, 2, 4], "rotation": 90, "texture": "#side", "cullface": "east"},
				"south": {"uv": [14, 14, 16, 16], "texture": "#unsticky"},
				"west": {"uv": [0, 0, 2, 4], "rotation": 270, "texture": "#side"},
				"up": {"uv": [0, 0, 2, 4], "texture": "#side"},
				"down": {"uv": [0, 0, 2, 4], "rotation": 180, "texture": "#side", "cullface": "down"}
			}
		},
		{
			"from": [14, 14, -0.25],
			"to": [16.25, 16.25, 4.25],
			"faces": {
				"north": {"uv": [0, 0, 2, 2], "texture": "#platform"},
				"east": {"uv": [14, 0, 16, 4], "rotation": 90, "texture": "#side", "cullface": "east"},
				"south": {"uv": [14, 0, 16, 2], "texture": "#unsticky"},
				"west": {"uv": [14, 0, 16, 4], "rotation": 270, "texture": "#side"},
				"up": {"uv": [14, 0, 16, 4], "texture": "#side", "cullface": "up"},
				"down": {"uv": [14, 0, 16, 4], "rotation": 180, "texture": "#side"}
			}
		},
		{
			"from": [14, 7, -0.25],
			"to": [16.25, 9, 4.25],
			"faces": {
				"north": {"uv": [0, 7, 2, 9], "texture": "#platform"},
				"east": {"uv": [7, 0, 9, 4], "rotation": 90, "texture": "#side", "cullface": "east"},
				"south": {"uv": [14, 7, 16, 9], "texture": "#unsticky"},
				"west": {"uv": [7, 0, 9, 4], "rotation": 270, "texture": "#side"},
				"up": {"uv": [7, 0, 9, 4], "texture": "#side"},
				"down": {"uv": [7, 0, 9, 4], "rotation": 180, "texture": "#side"}
			}
		},
		{
			"from": [7, 14, -0.25],
			"to": [9, 16.25, 4.25],
			"faces": {
				"north": {"uv": [7, 0, 9, 2], "texture": "#platform"},
				"east": {"uv": [14, 0, 16, 4], "rotation": 90, "texture": "#side"},
				"south": {"uv": [7, 0, 9, 2], "texture": "#unsticky"},
				"west": {"uv": [14, 0, 16, 4], "rotation": 270, "texture": "#side"},
				"up": {"uv": [14, 0, 16, 4], "texture": "#side", "cullface": "up"},
				"down": {"uv": [14, 0, 16, 4], "rotation": 180, "texture": "#side"}
			}
		},
		{
			"from": [-0.25, 14, -0.25],
			"to": [2, 16.25, 4.25],
			"faces": {
				"north": {"uv": [14, 0, 16, 2], "texture": "#platform"},
				"east": {"uv": [14, 0, 16, 4], "rotation": 90, "texture": "#side"},
				"south": {"uv": [0, 0, 2, 2], "texture": "#unsticky"},
				"west": {"uv": [14, 0, 16, 4], "rotation": 270, "texture": "#side", "cullface": "west"},
				"up": {"uv": [14, 0, 16, 4], "texture": "#side", "cullface": "up"},
				"down": {"uv": [14, 0, 16, 4], "rotation": 180, "texture": "#side"}
			}
		},
		{
			"from": [0, 0, 0],
			"to": [16, 16, 16],
			"faces": {
				"north": {"uv": [0, 0, 16, 16], "texture": "#platform"},
				"east": {"uv": [0, 0, 16, 16], "rotation": 90, "texture": "#side"},
				"south": {"uv": [0, 0, 16, 16], "texture": "#3"},
				"west": {"uv": [0, 0, 16, 16], "rotation": 270, "texture": "#side"},
				"up": {"uv": [0, 0, 16, 16], "texture": "#side"},
				"down": {"uv": [0, 0, 16, 16], "rotation": 180, "texture": "#side"}
			}
		},
		{
			"from": [-0.25, 7, -0.25],
			"to": [2, 9, 4.25],
			"faces": {
				"north": {"uv": [14, 7, 16, 9], "texture": "#platform"},
				"east": {"uv": [7, 0, 9, 4], "rotation": 90, "texture": "#side"},
				"south": {"uv": [0, 7, 2, 9], "texture": "#unsticky"},
				"west": {"uv": [7, 0, 9, 4], "rotation": 270, "texture": "#side", "cullface": "west"},
				"up": {"uv": [7, 0, 9, 4], "texture": "#side"},
				"down": {"uv": [7, 0, 9, 4], "rotation": 180, "texture": "#side"}
			}
		}
	]
}
